2026-06-12 00:01:30 [http-nio-8080-exec-2] DEBUG o.s.security.web.FilterChainProxy - Securing GET /api/appointments/patient/undefined
2026-06-12 00:01:30 [http-nio-8080-exec-4] DEBUG o.s.security.web.FilterChainProxy - Securing GET /api/medical-services
2026-06-12 00:01:30 [http-nio-8080-exec-4] DEBUG o.s.s.w.c.HttpSessionSecurityContextRepository - Retrieved SecurityContextImpl [Authentication=UsernamePasswordAuthenticationToken [Principal=com.unibuc.management.security.CustomUserDetails [Username=Ioan Popescu, Password=[PROTECTED], Enabled=true, AccountNonExpired=true, CredentialsNonExpired=true, AccountNonLocked=true, Granted Authorities=[ROLE_PATIENT]], Credentials=[PROTECTED], Authenticated=true, Details=null, Granted Authorities=[ROLE_PATIENT]]]
2026-06-12 00:01:30 [http-nio-8080-exec-2] DEBUG o.s.s.w.c.HttpSessionSecurityContextRepository - Retrieved SecurityContextImpl [Authentication=UsernamePasswordAuthenticationToken [Principal=com.unibuc.management.security.CustomUserDetails [Username=Ioan Popescu, Password=[PROTECTED], Enabled=true, AccountNonExpired=true, CredentialsNonExpired=true, AccountNonLocked=true, Granted Authorities=[ROLE_PATIENT]], Credentials=[PROTECTED], Authenticated=true, Details=null, Granted Authorities=[ROLE_PATIENT]]]
2026-06-12 00:01:30 [http-nio-8080-exec-2] DEBUG o.s.s.w.a.r.RememberMeAuthenticationFilter - SecurityContextHolder not populated with remember-me token, as it already contained: 'UsernamePasswordAuthenticationToken [Principal=com.unibuc.management.security.CustomUserDetails [Username=Ioan Popescu, Password=[PROTECTED], Enabled=true, AccountNonExpired=true, CredentialsNonExpired=true, AccountNonLocked=true, Granted Authorities=[ROLE_PATIENT]], Credentials=[PROTECTED], Authenticated=true, Details=null, Granted Authorities=[ROLE_PATIENT]]'
2026-06-12 00:01:30 [http-nio-8080-exec-4] DEBUG o.s.s.w.a.r.RememberMeAuthenticationFilter - SecurityContextHolder not populated with remember-me token, as it already contained: 'UsernamePasswordAuthenticationToken [Principal=com.unibuc.management.security.CustomUserDetails [Username=Ioan Popescu, Password=[PROTECTED], Enabled=true, AccountNonExpired=true, CredentialsNonExpired=true, AccountNonLocked=true, Granted Authorities=[ROLE_PATIENT]], Credentials=[PROTECTED], Authenticated=true, Details=null, Granted Authorities=[ROLE_PATIENT]]'
2026-06-12 00:01:30 [http-nio-8080-exec-2] DEBUG o.s.security.web.FilterChainProxy - Secured GET /api/appointments/patient/undefined
2026-06-12 00:01:30 [http-nio-8080-exec-4] DEBUG o.s.security.web.FilterChainProxy - Secured GET /api/medical-services
2026-06-12 00:01:30 [http-nio-8080-exec-4] INFO  c.u.management.aspects.LoggingAspect - AOP-LOG [START]: Se execută metoda MedicalServiceService.getAllServices() cu argumentele: []
2026-06-12 00:01:30 [http-nio-8080-exec-4] DEBUG c.u.m.services.MedicalServiceService - Se preia lista completă a serviciilor medicale.
2026-06-12 00:01:30 [http-nio-8080-exec-2] ERROR c.u.m.e.GlobalExceptionHandler - Eroare critica neasteptata în aplicație: 
org.springframework.web.method.annotation.MethodArgumentTypeMismatchException: Method parameter 'patientId': Failed to convert value of type 'java.lang.String' to required type 'java.lang.Integer'; For input string: "undefined"
	at org.springframework.web.method.annotation.AbstractNamedValueMethodArgumentResolver.convertIfNecessary(AbstractNamedValueMethodArgumentResolver.java:301)
	at org.springframework.web.method.annotation.AbstractNamedValueMethodArgumentResolver.resolveArgument(AbstractNamedValueMethodArgumentResolver.java:136)
	at org.springframework.web.method.support.HandlerMethodArgumentResolverComposite.resolveArgument(HandlerMethodArgumentResolverComposite.java:122)
	at org.springframework.web.method.support.InvocableHandlerMethod.getMethodArgumentValues(InvocableHandlerMethod.java:226)
	at org.springframework.web.method.support.InvocableHandlerMethod.invokeForRequest(InvocableHandlerMethod.java:180)
	at org.springframework.web.servlet.mvc.method.annotation.ServletInvocableHandlerMethod.invokeAndHandle(ServletInvocableHandlerMethod.java:118)
	at org.springframework.web.servlet.mvc.method.annotation.RequestMappingHandlerAdapter.invokeHandlerMethod(RequestMappingHandlerAdapter.java:986)
	at org.springframework.web.servlet.mvc.method.annotation.RequestMappingHandlerAdapter.handleInternal(RequestMappingHandlerAdapter.java:891)
	at org.springframework.web.servlet.mvc.method.AbstractHandlerMethodAdapter.handle(AbstractHandlerMethodAdapter.java:87)
	at org.springframework.web.servlet.DispatcherServlet.doDispatch(DispatcherServlet.java:1088)
	at org.springframework.web.servlet.DispatcherServlet.doService(DispatcherServlet.java:978)
	at org.springframework.web.servlet.FrameworkServlet.processRequest(FrameworkServlet.java:1014)
	at org.springframework.web.servlet.FrameworkServlet.doGet(FrameworkServlet.java:903)
	at jakarta.servlet.http.HttpServlet.service(HttpServlet.java:564)
	at org.springframework.web.servlet.FrameworkServlet.service(FrameworkServlet.java:885)
	at jakarta.servlet.http.HttpServlet.service(HttpServlet.java:658)
	at org.apache.catalina.core.ApplicationFilterChain.internalDoFilter(ApplicationFilterChain.java:195)
	at org.apache.catalina.core.ApplicationFilterChain.doFilter(ApplicationFilterChain.java:140)
	at org.apache.tomcat.websocket.server.WsFilter.doFilter(WsFilter.java:51)
	at org.apache.catalina.core.ApplicationFilterChain.internalDoFilter(ApplicationFilterChain.java:164)
	at org.apache.catalina.core.ApplicationFilterChain.doFilter(ApplicationFilterChain.java:140)
	at org.springframework.web.filter.CompositeFilter$VirtualFilterChain.doFilter(CompositeFilter.java:108)
	at org.springframework.security.web.FilterChainProxy.lambda$doFilterInternal$3(FilterChainProxy.java:231)
	at org.springframework.security.web.FilterChainProxy$VirtualFilterChain.doFilter(FilterChainProxy.java:365)
	at org.springframework.security.web.access.intercept.AuthorizationFilter.doFilter(AuthorizationFilter.java:101)
	at org.springframework.security.web.FilterChainProxy$VirtualFilterChain.doFilter(FilterChainProxy.java:374)
	at org.springframework.security.web.access.ExceptionTranslationFilter.doFilter(ExceptionTranslationFilter.java:126)
	at org.springframework.security.web.access.ExceptionTranslationFilter.doFilter(ExceptionTranslationFilter.java:120)
	at org.springframework.security.web.FilterChainProxy$VirtualFilterChain.doFilter(FilterChainProxy.java:374)
	at org.springframework.security.web.session.SessionManagementFilter.doFilter(SessionManagementFilter.java:131)
	at org.springframework.security.web.session.SessionManagementFilter.doFilter(SessionManagementFilter.java:85)
	at org.springframework.security.web.FilterChainProxy$VirtualFilterChain.doFilter(FilterChainProxy.java:374)
	at org.springframework.security.web.authentication.AnonymousAuthenticationFilter.doFilter(AnonymousAuthenticationFilter.java:100)
	at org.springframework.security.web.FilterChainProxy$VirtualFilterChain.doFilter(FilterChainProxy.java:374)
	at org.springframework.security.web.authentication.rememberme.RememberMeAuthenticationFilter.doFilter(RememberMeAuthenticationFilter.java:114)
	at org.springframework.security.web.authentication.rememberme.RememberMeAuthenticationFilter.doFilter(RememberMeAuthenticationFilter.java:105)
	at org.springframework.security.web.FilterChainProxy$VirtualFilterChain.doFilter(FilterChainProxy.java:374)
	at org.springframework.security.web.servletapi.SecurityContextHolderAwareRequestFilter.doFilter(SecurityContextHolderAwareRequestFilter.java:179)
	at org.springframework.security.web.FilterChainProxy$VirtualFilterChain.doFilter(FilterChainProxy.java:374)
	at org.springframework.security.web.savedrequest.RequestCacheAwareFilter.doFilter(RequestCacheAwareFilter.java:63)
	at org.springframework.security.web.FilterChainProxy$VirtualFilterChain.doFilter(FilterChainProxy.java:374)
	at org.springframework.security.web.authentication.logout.LogoutFilter.doFilter(LogoutFilter.java:107)
	at org.springframework.security.web.authentication.logout.LogoutFilter.doFilter(LogoutFilter.java:93)
	at org.springframework.security.web.FilterChainProxy$VirtualFilterChain.doFilter(FilterChainProxy.java:374)
	at com.unibuc.management.config.SecurityConfig.lambda$securityFilterChain$13(SecurityConfig.java:133)
	at org.springframework.security.web.FilterChainProxy$VirtualFilterChain.doFilter(FilterChainProxy.java:374)
	at org.springframework.security.web.csrf.CsrfFilter.doFilterInternal(CsrfFilter.java:117)
	at org.springframework.web.filter.OncePerRequestFilter.doFilter(OncePerRequestFilter.java:116)
	at org.springframework.security.web.FilterChainProxy$VirtualFilterChain.doFilter(FilterChainProxy.java:374)
	at org.springframework.web.filter.CorsFilter.doFilterInternal(CorsFilter.java:91)
	at org.springframework.web.filter.OncePerRequestFilter.doFilter(OncePerRequestFilter.java:116)
	at org.springframework.security.web.FilterChainProxy$VirtualFilterChain.doFilter(FilterChainProxy.java:374)
	at org.springframework.security.web.header.HeaderWriterFilter.doHeadersAfter(HeaderWriterFilter.java:90)
	at org.springframework.security.web.header.HeaderWriterFilter.doFilterInternal(HeaderWriterFilter.java:75)
	at org.springframework.web.filter.OncePerRequestFilter.doFilter(OncePerRequestFilter.java:116)
	at org.springframework.security.web.FilterChainProxy$VirtualFilterChain.doFilter(FilterChainProxy.java:374)
	at org.springframework.security.web.context.SecurityContextHolderFilter.doFilter(SecurityContextHolderFilter.java:82)
	at org.springframework.security.web.context.SecurityContextHolderFilter.doFilter(SecurityContextHolderFilter.java:69)
	at org.springframework.security.web.FilterChainProxy$VirtualFilterChain.doFilter(FilterChainProxy.java:374)
	at org.springframework.security.web.context.request.async.WebAsyncManagerIntegrationFilter.doFilterInternal(WebAsyncManagerIntegrationFilter.java:62)
	at org.springframework.web.filter.OncePerRequestFilter.doFilter(OncePerRequestFilter.java:116)
	at org.springframework.security.web.FilterChainProxy$VirtualFilterChain.doFilter(FilterChainProxy.java:374)
	at org.springframework.security.web.session.DisableEncodeUrlFilter.doFilterInternal(DisableEncodeUrlFilter.java:42)
	at org.springframework.web.filter.OncePerRequestFilter.doFilter(OncePerRequestFilter.java:116)
	at org.springframework.security.web.FilterChainProxy$VirtualFilterChain.doFilter(FilterChainProxy.java:374)
	at org.springframework.security.web.FilterChainProxy.doFilterInternal(FilterChainProxy.java:233)
	at org.springframework.security.web.FilterChainProxy.doFilter(FilterChainProxy.java:191)
	at org.springframework.web.filter.CompositeFilter$VirtualFilterChain.doFilter(CompositeFilter.java:113)
	at org.springframework.web.servlet.handler.HandlerMappingIntrospector.lambda$createCacheFilter$3(HandlerMappingIntrospector.java:243)
	at org.springframework.web.filter.CompositeFilter$VirtualFilterChain.doFilter(CompositeFilter.java:113)
	at org.springframework.web.filter.CompositeFilter.doFilter(CompositeFilter.java:74)
	at org.springframework.security.config.annotation.web.configuration.WebMvcSecurityConfiguration$CompositeFilterChainProxy.doFilter(WebMvcSecurityConfiguration.java:238)
	at org.springframework.web.filter.DelegatingFilterProxy.invokeDelegate(DelegatingFilterProxy.java:362)
	at org.springframework.web.filter.DelegatingFilterProxy.doFilter(DelegatingFilterProxy.java:278)
	at org.apache.catalina.core.ApplicationFilterChain.internalDoFilter(ApplicationFilterChain.java:164)
	at org.apache.catalina.core.ApplicationFilterChain.doFilter(ApplicationFilterChain.java:140)
	at org.springframework.web.filter.RequestContextFilter.doFilterInternal(RequestContextFilter.java:100)
	at org.springframework.web.filter.OncePerRequestFilter.doFilter(OncePerRequestFilter.java:116)
	at org.apache.catalina.core.ApplicationFilterChain.internalDoFilter(ApplicationFilterChain.java:164)
	at org.apache.catalina.core.ApplicationFilterChain.doFilter(ApplicationFilterChain.java:140)
	at org.springframework.web.filter.FormContentFilter.doFilterInternal(FormContentFilter.java:93)
	at org.springframework.web.filter.OncePerRequestFilter.doFilter(OncePerRequestFilter.java:116)
	at org.apache.catalina.core.ApplicationFilterChain.internalDoFilter(ApplicationFilterChain.java:164)
	at org.apache.catalina.core.ApplicationFilterChain.doFilter(ApplicationFilterChain.java:140)
	at org.springframework.web.filter.CharacterEncodingFilter.doFilterInternal(CharacterEncodingFilter.java:201)
	at org.springframework.web.filter.OncePerRequestFilter.doFilter(OncePerRequestFilter.java:116)
	at org.apache.catalina.core.ApplicationFilterChain.internalDoFilter(ApplicationFilterChain.java:164)
	at org.apache.catalina.core.ApplicationFilterChain.doFilter(ApplicationFilterChain.java:140)
	at org.apache.catalina.core.StandardWrapperValve.invoke(StandardWrapperValve.java:167)
	at org.apache.catalina.core.StandardContextValve.invoke(StandardContextValve.java:90)
	at org.apache.catalina.authenticator.AuthenticatorBase.invoke(AuthenticatorBase.java:483)
	at org.apache.catalina.core.StandardHostValve.invoke(StandardHostValve.java:115)
	at org.apache.catalina.valves.ErrorReportValve.invoke(ErrorReportValve.java:93)
	at org.apache.catalina.core.StandardEngineValve.invoke(StandardEngineValve.java:74)
	at org.apache.catalina.connector.CoyoteAdapter.service(CoyoteAdapter.java:344)
	at org.apache.coyote.http11.Http11Processor.service(Http11Processor.java:397)
	at org.apache.coyote.AbstractProcessorLight.process(AbstractProcessorLight.java:63)
	at org.apache.coyote.AbstractProtocol$ConnectionHandler.process(AbstractProtocol.java:905)
	at org.apache.tomcat.util.net.NioEndpoint$SocketProcessor.doRun(NioEndpoint.java:1741)
	at org.apache.tomcat.util.net.SocketProcessorBase.run(SocketProcessorBase.java:52)
	at org.apache.tomcat.util.threads.ThreadPoolExecutor.runWorker(ThreadPoolExecutor.java:1190)
	at org.apache.tomcat.util.threads.ThreadPoolExecutor$Worker.run(ThreadPoolExecutor.java:659)
	at org.apache.tomcat.util.threads.TaskThread$WrappingRunnable.run(TaskThread.java:63)
	at java.base/java.lang.Thread.run(Thread.java:833)
Caused by: java.lang.NumberFormatException: For input string: "undefined"
	at java.base/java.lang.NumberFormatException.forInputString(NumberFormatException.java:67)
	at java.base/java.lang.Integer.parseInt(Integer.java:668)
	at java.base/java.lang.Integer.valueOf(Integer.java:999)
	at org.springframework.util.NumberUtils.parseNumber(NumberUtils.java:201)
	at org.springframework.beans.propertyeditors.CustomNumberEditor.setAsText(CustomNumberEditor.java:115)
	at org.springframework.beans.TypeConverterDelegate.doConvertTextValue(TypeConverterDelegate.java:439)
	at org.springframework.beans.TypeConverterDelegate.doConvertValue(TypeConverterDelegate.java:412)
	at org.springframework.beans.TypeConverterDelegate.convertIfNecessary(TypeConverterDelegate.java:161)
	at org.springframework.beans.TypeConverterSupport.convertIfNecessary(TypeConverterSupport.java:80)
	at org.springframework.beans.TypeConverterSupport.convertIfNecessary(TypeConverterSupport.java:53)
	at org.springframework.validation.DataBinder.convertIfNecessary(DataBinder.java:866)
	at org.springframework.web.method.annotation.AbstractNamedValueMethodArgumentResolver.convertIfNecessary(AbstractNamedValueMethodArgumentResolver.java:293)
	... 103 common frames omitted
2026-06-12 00:01:30 [http-nio-8080-exec-4] INFO  c.u.management.aspects.LoggingAspect - AOP-LOG [SUCCESS]: Metoda MedicalServiceService.getAllServices() s-a finalizat cu succes. Rezultat returnat: [com.unibuc.management.entities.MedicalService@efc01e1, com.unibuc.management.entities.MedicalService@4e88e272, com.unibuc.management.entities.MedicalService@c37ea8c]
2026-06-12 00:01:33 [http-nio-8080-exec-6] DEBUG o.s.security.web.FilterChainProxy - Securing GET /api/medical-services
2026-06-12 00:01:33 [http-nio-8080-exec-3] DEBUG o.s.security.web.FilterChainProxy - Securing GET /api/appointments/patient/undefined
2026-06-12 00:01:33 [http-nio-8080-exec-3] DEBUG o.s.s.w.c.HttpSessionSecurityContextRepository - Retrieved SecurityContextImpl [Authentication=UsernamePasswordAuthenticationToken [Principal=com.unibuc.management.security.CustomUserDetails [Username=Ioan Popescu, Password=[PROTECTED], Enabled=true, AccountNonExpired=true, CredentialsNonExpired=true, AccountNonLocked=true, Granted Authorities=[ROLE_PATIENT]], Credentials=[PROTECTED], Authenticated=true, Details=null, Granted Authorities=[ROLE_PATIENT]]]
2026-06-12 00:01:33 [http-nio-8080-exec-6] DEBUG o.s.s.w.c.HttpSessionSecurityContextRepository - Retrieved SecurityContextImpl [Authentication=UsernamePasswordAuthenticationToken [Principal=com.unibuc.management.security.CustomUserDetails [Username=Ioan Popescu, Password=[PROTECTED], Enabled=true, AccountNonExpired=true, CredentialsNonExpired=true, AccountNonLocked=true, Granted Authorities=[ROLE_PATIENT]], Credentials=[PROTECTED], Authenticated=true, Details=null, Granted Authorities=[ROLE_PATIENT]]]
2026-06-12 00:01:33 [http-nio-8080-exec-3] DEBUG o.s.s.w.a.r.RememberMeAuthenticationFilter - SecurityContextHolder not populated with remember-me token, as it already contained: 'UsernamePasswordAuthenticationToken [Principal=com.unibuc.management.security.CustomUserDetails [Username=Ioan Popescu, Password=[PROTECTED], Enabled=true, AccountNonExpired=true, CredentialsNonExpired=true, AccountNonLocked=true, Granted Authorities=[ROLE_PATIENT]], Credentials=[PROTECTED], Authenticated=true, Details=null, Granted Authorities=[ROLE_PATIENT]]'
2026-06-12 00:01:33 [http-nio-8080-exec-6] DEBUG o.s.s.w.a.r.RememberMeAuthenticationFilter - SecurityContextHolder not populated with remember-me token, as it already contained: 'UsernamePasswordAuthenticationToken [Principal=com.unibuc.management.security.CustomUserDetails [Username=Ioan Popescu, Password=[PROTECTED], Enabled=true, AccountNonExpired=true, CredentialsNonExpired=true, AccountNonLocked=true, Granted Authorities=[ROLE_PATIENT]], Credentials=[PROTECTED], Authenticated=true, Details=null, Granted Authorities=[ROLE_PATIENT]]'
2026-06-12 00:01:33 [http-nio-8080-exec-6] DEBUG o.s.security.web.FilterChainProxy - Secured GET /api/medical-services
2026-06-12 00:01:33 [http-nio-8080-exec-3] DEBUG o.s.security.web.FilterChainProxy - Secured GET /api/appointments/patient/undefined
2026-06-12 00:01:33 [http-nio-8080-exec-6] INFO  c.u.management.aspects.LoggingAspect - AOP-LOG [START]: Se execută metoda MedicalServiceService.getAllServices() cu argumentele: []
2026-06-12 00:01:33 [http-nio-8080-exec-6] DEBUG c.u.m.services.MedicalServiceService - Se preia lista completă a serviciilor medicale.
2026-06-12 00:01:33 [http-nio-8080-exec-3] ERROR c.u.m.e.GlobalExceptionHandler - Eroare critica neasteptata în aplicație: 
org.springframework.web.method.annotation.MethodArgumentTypeMismatchException: Method parameter 'patientId': Failed to convert value of type 'java.lang.String' to required type 'java.lang.Integer'; For input string: "undefined"
	at org.springframework.web.method.annotation.AbstractNamedValueMethodArgumentResolver.convertIfNecessary(AbstractNamedValueMethodArgumentResolver.java:301)
	at org.springframework.web.method.annotation.AbstractNamedValueMethodArgumentResolver.resolveArgument(AbstractNamedValueMethodArgumentResolver.java:136)
	at org.springframework.web.method.support.HandlerMethodArgumentResolverComposite.resolveArgument(HandlerMethodArgumentResolverComposite.java:122)
	at org.springframework.web.method.support.InvocableHandlerMethod.getMethodArgumentValues(InvocableHandlerMethod.java:226)
	at org.springframework.web.method.support.InvocableHandlerMethod.invokeForRequest(InvocableHandlerMethod.java:180)
	at org.springframework.web.servlet.mvc.method.annotation.ServletInvocableHandlerMethod.invokeAndHandle(ServletInvocableHandlerMethod.java:118)
	at org.springframework.web.servlet.mvc.method.annotation.RequestMappingHandlerAdapter.invokeHandlerMethod(RequestMappingHandlerAdapter.java:986)
	at org.springframework.web.servlet.mvc.method.annotation.RequestMappingHandlerAdapter.handleInternal(RequestMappingHandlerAdapter.java:891)
	at org.springframework.web.servlet.mvc.method.AbstractHandlerMethodAdapter.handle(AbstractHandlerMethodAdapter.java:87)
	at org.springframework.web.servlet.DispatcherServlet.doDispatch(DispatcherServlet.java:1088)
	at org.springframework.web.servlet.DispatcherServlet.doService(DispatcherServlet.java:978)
	at org.springframework.web.servlet.FrameworkServlet.processRequest(FrameworkServlet.java:1014)
	at org.springframework.web.servlet.FrameworkServlet.doGet(FrameworkServlet.java:903)
	at jakarta.servlet.http.HttpServlet.service(HttpServlet.java:564)
	at org.springframework.web.servlet.FrameworkServlet.service(FrameworkServlet.java:885)
	at jakarta.servlet.http.HttpServlet.service(HttpServlet.java:658)
	at org.apache.catalina.core.ApplicationFilterChain.internalDoFilter(ApplicationFilterChain.java:195)
	at org.apache.catalina.core.ApplicationFilterChain.doFilter(ApplicationFilterChain.java:140)
	at org.apache.tomcat.websocket.server.WsFilter.doFilter(WsFilter.java:51)
	at org.apache.catalina.core.ApplicationFilterChain.internalDoFilter(ApplicationFilterChain.java:164)
	at org.apache.catalina.core.ApplicationFilterChain.doFilter(ApplicationFilterChain.java:140)
	at org.springframework.web.filter.CompositeFilter$VirtualFilterChain.doFilter(CompositeFilter.java:108)
	at org.springframework.security.web.FilterChainProxy.lambda$doFilterInternal$3(FilterChainProxy.java:231)
	at org.springframework.security.web.FilterChainProxy$VirtualFilterChain.doFilter(FilterChainProxy.java:365)
	at org.springframework.security.web.access.intercept.AuthorizationFilter.doFilter(AuthorizationFilter.java:101)
	at org.springframework.security.web.FilterChainProxy$VirtualFilterChain.doFilter(FilterChainProxy.java:374)
	at org.springframework.security.web.access.ExceptionTranslationFilter.doFilter(ExceptionTranslationFilter.java:126)
	at org.springframework.security.web.access.ExceptionTranslationFilter.doFilter(ExceptionTranslationFilter.java:120)
	at org.springframework.security.web.FilterChainProxy$VirtualFilterChain.doFilter(FilterChainProxy.java:374)
	at org.springframework.security.web.session.SessionManagementFilter.doFilter(SessionManagementFilter.java:131)
	at org.springframework.security.web.session.SessionManagementFilter.doFilter(SessionManagementFilter.java:85)
	at org.springframework.security.web.FilterChainProxy$VirtualFilterChain.doFilter(FilterChainProxy.java:374)
	at org.springframework.security.web.authentication.AnonymousAuthenticationFilter.doFilter(AnonymousAuthenticationFilter.java:100)
	at org.springframework.security.web.FilterChainProxy$VirtualFilterChain.doFilter(FilterChainProxy.java:374)
	at org.springframework.security.web.authentication.rememberme.RememberMeAuthenticationFilter.doFilter(RememberMeAuthenticationFilter.java:114)
	at org.springframework.security.web.authentication.rememberme.RememberMeAuthenticationFilter.doFilter(RememberMeAuthenticationFilter.java:105)
	at org.springframework.security.web.FilterChainProxy$VirtualFilterChain.doFilter(FilterChainProxy.java:374)
	at org.springframework.security.web.servletapi.SecurityContextHolderAwareRequestFilter.doFilter(SecurityContextHolderAwareRequestFilter.java:179)
	at org.springframework.security.web.FilterChainProxy$VirtualFilterChain.doFilter(FilterChainProxy.java:374)
	at org.springframework.security.web.savedrequest.RequestCacheAwareFilter.doFilter(RequestCacheAwareFilter.java:63)
	at org.springframework.security.web.FilterChainProxy$VirtualFilterChain.doFilter(FilterChainProxy.java:374)
	at org.springframework.security.web.authentication.logout.LogoutFilter.doFilter(LogoutFilter.java:107)
	at org.springframework.security.web.authentication.logout.LogoutFilter.doFilter(LogoutFilter.java:93)
	at org.springframework.security.web.FilterChainProxy$VirtualFilterChain.doFilter(FilterChainProxy.java:374)
	at com.unibuc.management.config.SecurityConfig.lambda$securityFilterChain$13(SecurityConfig.java:133)
	at org.springframework.security.web.FilterChainProxy$VirtualFilterChain.doFilter(FilterChainProxy.java:374)
	at org.springframework.security.web.csrf.CsrfFilter.doFilterInternal(CsrfFilter.java:117)
	at org.springframework.web.filter.OncePerRequestFilter.doFilter(OncePerRequestFilter.java:116)
	at org.springframework.security.web.FilterChainProxy$VirtualFilterChain.doFilter(FilterChainProxy.java:374)
	at org.springframework.web.filter.CorsFilter.doFilterInternal(CorsFilter.java:91)
	at org.springframework.web.filter.OncePerRequestFilter.doFilter(OncePerRequestFilter.java:116)
	at org.springframework.security.web.FilterChainProxy$VirtualFilterChain.doFilter(FilterChainProxy.java:374)
	at org.springframework.security.web.header.HeaderWriterFilter.doHeadersAfter(HeaderWriterFilter.java:90)
	at org.springframework.security.web.header.HeaderWriterFilter.doFilterInternal(HeaderWriterFilter.java:75)
	at org.springframework.web.filter.OncePerRequestFilter.doFilter(OncePerRequestFilter.java:116)
	at org.springframework.security.web.FilterChainProxy$VirtualFilterChain.doFilter(FilterChainProxy.java:374)
	at org.springframework.security.web.context.SecurityContextHolderFilter.doFilter(SecurityContextHolderFilter.java:82)
	at org.springframework.security.web.context.SecurityContextHolderFilter.doFilter(SecurityContextHolderFilter.java:69)
	at org.springframework.security.web.FilterChainProxy$VirtualFilterChain.doFilter(FilterChainProxy.java:374)
	at org.springframework.security.web.context.request.async.WebAsyncManagerIntegrationFilter.doFilterInternal(WebAsyncManagerIntegrationFilter.java:62)
	at org.springframework.web.filter.OncePerRequestFilter.doFilter(OncePerRequestFilter.java:116)
	at org.springframework.security.web.FilterChainProxy$VirtualFilterChain.doFilter(FilterChainProxy.java:374)
	at org.springframework.security.web.session.DisableEncodeUrlFilter.doFilterInternal(DisableEncodeUrlFilter.java:42)
	at org.springframework.web.filter.OncePerRequestFilter.doFilter(OncePerRequestFilter.java:116)
	at org.springframework.security.web.FilterChainProxy$VirtualFilterChain.doFilter(FilterChainProxy.java:374)
	at org.springframework.security.web.FilterChainProxy.doFilterInternal(FilterChainProxy.java:233)
	at org.springframework.security.web.FilterChainProxy.doFilter(FilterChainProxy.java:191)
	at org.springframework.web.filter.CompositeFilter$VirtualFilterChain.doFilter(CompositeFilter.java:113)
	at org.springframework.web.servlet.handler.HandlerMappingIntrospector.lambda$createCacheFilter$3(HandlerMappingIntrospector.java:243)
	at org.springframework.web.filter.CompositeFilter$VirtualFilterChain.doFilter(CompositeFilter.java:113)
	at org.springframework.web.filter.CompositeFilter.doFilter(CompositeFilter.java:74)
	at org.springframework.security.config.annotation.web.configuration.WebMvcSecurityConfiguration$CompositeFilterChainProxy.doFilter(WebMvcSecurityConfiguration.java:238)
	at org.springframework.web.filter.DelegatingFilterProxy.invokeDelegate(DelegatingFilterProxy.java:362)
	at org.springframework.web.filter.DelegatingFilterProxy.doFilter(DelegatingFilterProxy.java:278)
	at org.apache.catalina.core.ApplicationFilterChain.internalDoFilter(ApplicationFilterChain.java:164)
	at org.apache.catalina.core.ApplicationFilterChain.doFilter(ApplicationFilterChain.java:140)
	at org.springframework.web.filter.RequestContextFilter.doFilterInternal(RequestContextFilter.java:100)
	at org.springframework.web.filter.OncePerRequestFilter.doFilter(OncePerRequestFilter.java:116)
	at org.apache.catalina.core.ApplicationFilterChain.internalDoFilter(ApplicationFilterChain.java:164)
	at org.apache.catalina.core.ApplicationFilterChain.doFilter(ApplicationFilterChain.java:140)
	at org.springframework.web.filter.FormContentFilter.doFilterInternal(FormContentFilter.java:93)
	at org.springframework.web.filter.OncePerRequestFilter.doFilter(OncePerRequestFilter.java:116)
	at org.apache.catalina.core.ApplicationFilterChain.internalDoFilter(ApplicationFilterChain.java:164)
	at org.apache.catalina.core.ApplicationFilterChain.doFilter(ApplicationFilterChain.java:140)
	at org.springframework.web.filter.CharacterEncodingFilter.doFilterInternal(CharacterEncodingFilter.java:201)
	at org.springframework.web.filter.OncePerRequestFilter.doFilter(OncePerRequestFilter.java:116)
	at org.apache.catalina.core.ApplicationFilterChain.internalDoFilter(ApplicationFilterChain.java:164)
	at org.apache.catalina.core.ApplicationFilterChain.doFilter(ApplicationFilterChain.java:140)
	at org.apache.catalina.core.StandardWrapperValve.invoke(StandardWrapperValve.java:167)
	at org.apache.catalina.core.StandardContextValve.invoke(StandardContextValve.java:90)
	at org.apache.catalina.authenticator.AuthenticatorBase.invoke(AuthenticatorBase.java:483)
	at org.apache.catalina.core.StandardHostValve.invoke(StandardHostValve.java:115)
	at org.apache.catalina.valves.ErrorReportValve.invoke(ErrorReportValve.java:93)
	at org.apache.catalina.core.StandardEngineValve.invoke(StandardEngineValve.java:74)
	at org.apache.catalina.connector.CoyoteAdapter.service(CoyoteAdapter.java:344)
	at org.apache.coyote.http11.Http11Processor.service(Http11Processor.java:397)
	at org.apache.coyote.AbstractProcessorLight.process(AbstractProcessorLight.java:63)
	at org.apache.coyote.AbstractProtocol$ConnectionHandler.process(AbstractProtocol.java:905)
	at org.apache.tomcat.util.net.NioEndpoint$SocketProcessor.doRun(NioEndpoint.java:1741)
	at org.apache.tomcat.util.net.SocketProcessorBase.run(SocketProcessorBase.java:52)
	at org.apache.tomcat.util.threads.ThreadPoolExecutor.runWorker(ThreadPoolExecutor.java:1190)
	at org.apache.tomcat.util.threads.ThreadPoolExecutor$Worker.run(ThreadPoolExecutor.java:659)
	at org.apache.tomcat.util.threads.TaskThread$WrappingRunnable.run(TaskThread.java:63)
	at java.base/java.lang.Thread.run(Thread.java:833)
Caused by: java.lang.NumberFormatException: For input string: "undefined"
	at java.base/java.lang.NumberFormatException.forInputString(NumberFormatException.java:67)
	at java.base/java.lang.Integer.parseInt(Integer.java:668)
	at java.base/java.lang.Integer.valueOf(Integer.java:999)
	at org.springframework.util.NumberUtils.parseNumber(NumberUtils.java:201)
	at org.springframework.beans.propertyeditors.CustomNumberEditor.setAsText(CustomNumberEditor.java:115)
	at org.springframework.beans.TypeConverterDelegate.doConvertTextValue(TypeConverterDelegate.java:439)
	at org.springframework.beans.TypeConverterDelegate.doConvertValue(TypeConverterDelegate.java:412)
	at org.springframework.beans.TypeConverterDelegate.convertIfNecessary(TypeConverterDelegate.java:161)
	at org.springframework.beans.TypeConverterSupport.convertIfNecessary(TypeConverterSupport.java:80)
	at org.springframework.beans.TypeConverterSupport.convertIfNecessary(TypeConverterSupport.java:53)
	at org.springframework.validation.DataBinder.convertIfNecessary(DataBinder.java:866)
	at org.springframework.web.method.annotation.AbstractNamedValueMethodArgumentResolver.convertIfNecessary(AbstractNamedValueMethodArgumentResolver.java:293)
	... 103 common frames omitted
2026-06-12 00:01:33 [http-nio-8080-exec-6] INFO  c.u.management.aspects.LoggingAspect - AOP-LOG [SUCCESS]: Metoda MedicalServiceService.getAllServices() s-a finalizat cu succes. Rezultat returnat: [com.unibuc.management.entities.MedicalService@20d91d1, com.unibuc.management.entities.MedicalService@d8a245c, com.unibuc.management.entities.MedicalService@4315b14e]
2026-06-12 00:01:35 [http-nio-8080-exec-7] DEBUG o.s.security.web.FilterChainProxy - Securing GET /api/medical-services
2026-06-12 00:01:35 [http-nio-8080-exec-5] DEBUG o.s.security.web.FilterChainProxy - Securing GET /api/appointments/patient/undefined
2026-06-12 00:01:35 [http-nio-8080-exec-7] DEBUG o.s.s.w.c.HttpSessionSecurityContextRepository - Retrieved SecurityContextImpl [Authentication=UsernamePasswordAuthenticationToken [Principal=com.unibuc.management.security.CustomUserDetails [Username=Ioan Popescu, Password=[PROTECTED], Enabled=true, AccountNonExpired=true, CredentialsNonExpired=true, AccountNonLocked=true, Granted Authorities=[ROLE_PATIENT]], Credentials=[PROTECTED], Authenticated=true, Details=null, Granted Authorities=[ROLE_PATIENT]]]
2026-06-12 00:01:35 [http-nio-8080-exec-5] DEBUG o.s.s.w.c.HttpSessionSecurityContextRepository - Retrieved SecurityContextImpl [Authentication=UsernamePasswordAuthenticationToken [Principal=com.unibuc.management.security.CustomUserDetails [Username=Ioan Popescu, Password=[PROTECTED], Enabled=true, AccountNonExpired=true, CredentialsNonExpired=true, AccountNonLocked=true, Granted Authorities=[ROLE_PATIENT]], Credentials=[PROTECTED], Authenticated=true, Details=null, Granted Authorities=[ROLE_PATIENT]]]
2026-06-12 00:01:35 [http-nio-8080-exec-7] DEBUG o.s.s.w.a.r.RememberMeAuthenticationFilter - SecurityContextHolder not populated with remember-me token, as it already contained: 'UsernamePasswordAuthenticationToken [Principal=com.unibuc.management.security.CustomUserDetails [Username=Ioan Popescu, Password=[PROTECTED], Enabled=true, AccountNonExpired=true, CredentialsNonExpired=true, AccountNonLocked=true, Granted Authorities=[ROLE_PATIENT]], Credentials=[PROTECTED], Authenticated=true, Details=null, Granted Authorities=[ROLE_PATIENT]]'
2026-06-12 00:01:35 [http-nio-8080-exec-5] DEBUG o.s.s.w.a.r.RememberMeAuthenticationFilter - SecurityContextHolder not populated with remember-me token, as it already contained: 'UsernamePasswordAuthenticationToken [Principal=com.unibuc.management.security.CustomUserDetails [Username=Ioan Popescu, Password=[PROTECTED], Enabled=true, AccountNonExpired=true, CredentialsNonExpired=true, AccountNonLocked=true, Granted Authorities=[ROLE_PATIENT]], Credentials=[PROTECTED], Authenticated=true, Details=null, Granted Authorities=[ROLE_PATIENT]]'
2026-06-12 00:01:35 [http-nio-8080-exec-5] DEBUG o.s.security.web.FilterChainProxy - Secured GET /api/appointments/patient/undefined
2026-06-12 00:01:35 [http-nio-8080-exec-7] DEBUG o.s.security.web.FilterChainProxy - Secured GET /api/medical-services
2026-06-12 00:01:35 [http-nio-8080-exec-7] INFO  c.u.management.aspects.LoggingAspect - AOP-LOG [START]: Se execută metoda MedicalServiceService.getAllServices() cu argumentele: []
2026-06-12 00:01:35 [http-nio-8080-exec-7] DEBUG c.u.m.services.MedicalServiceService - Se preia lista completă a serviciilor medicale.
2026-06-12 00:01:35 [http-nio-8080-exec-5] ERROR c.u.m.e.GlobalExceptionHandler - Eroare critica neasteptata în aplicație: 
org.springframework.web.method.annotation.MethodArgumentTypeMismatchException: Method parameter 'patientId': Failed to convert value of type 'java.lang.String' to required type 'java.lang.Integer'; For input string: "undefined"
	at org.springframework.web.method.annotation.AbstractNamedValueMethodArgumentResolver.convertIfNecessary(AbstractNamedValueMethodArgumentResolver.java:301)
	at org.springframework.web.method.annotation.AbstractNamedValueMethodArgumentResolver.resolveArgument(AbstractNamedValueMethodArgumentResolver.java:136)
	at org.springframework.web.method.support.HandlerMethodArgumentResolverComposite.resolveArgument(HandlerMethodArgumentResolverComposite.java:122)
	at org.springframework.web.method.support.InvocableHandlerMethod.getMethodArgumentValues(InvocableHandlerMethod.java:226)
	at org.springframework.web.method.support.InvocableHandlerMethod.invokeForRequest(InvocableHandlerMethod.java:180)
	at org.springframework.web.servlet.mvc.method.annotation.ServletInvocableHandlerMethod.invokeAndHandle(ServletInvocableHandlerMethod.java:118)
	at org.springframework.web.servlet.mvc.method.annotation.RequestMappingHandlerAdapter.invokeHandlerMethod(RequestMappingHandlerAdapter.java:986)
	at org.springframework.web.servlet.mvc.method.annotation.RequestMappingHandlerAdapter.handleInternal(RequestMappingHandlerAdapter.java:891)
	at org.springframework.web.servlet.mvc.method.AbstractHandlerMethodAdapter.handle(AbstractHandlerMethodAdapter.java:87)
	at org.springframework.web.servlet.DispatcherServlet.doDispatch(DispatcherServlet.java:1088)
	at org.springframework.web.servlet.DispatcherServlet.doService(DispatcherServlet.java:978)
	at org.springframework.web.servlet.FrameworkServlet.processRequest(FrameworkServlet.java:1014)
	at org.springframework.web.servlet.FrameworkServlet.doGet(FrameworkServlet.java:903)
	at jakarta.servlet.http.HttpServlet.service(HttpServlet.java:564)
	at org.springframework.web.servlet.FrameworkServlet.service(FrameworkServlet.java:885)
	at jakarta.servlet.http.HttpServlet.service(HttpServlet.java:658)
	at org.apache.catalina.core.ApplicationFilterChain.internalDoFilter(ApplicationFilterChain.java:195)
	at org.apache.catalina.core.ApplicationFilterChain.doFilter(ApplicationFilterChain.java:140)
	at org.apache.tomcat.websocket.server.WsFilter.doFilter(WsFilter.java:51)
	at org.apache.catalina.core.ApplicationFilterChain.internalDoFilter(ApplicationFilterChain.java:164)
	at org.apache.catalina.core.ApplicationFilterChain.doFilter(ApplicationFilterChain.java:140)
	at org.springframework.web.filter.CompositeFilter$VirtualFilterChain.doFilter(CompositeFilter.java:108)
	at org.springframework.security.web.FilterChainProxy.lambda$doFilterInternal$3(FilterChainProxy.java:231)
	at org.springframework.security.web.FilterChainProxy$VirtualFilterChain.doFilter(FilterChainProxy.java:365)
	at org.springframework.security.web.access.intercept.AuthorizationFilter.doFilter(AuthorizationFilter.java:101)
	at org.springframework.security.web.FilterChainProxy$VirtualFilterChain.doFilter(FilterChainProxy.java:374)
	at org.springframework.security.web.access.ExceptionTranslationFilter.doFilter(ExceptionTranslationFilter.java:126)
	at org.springframework.security.web.access.ExceptionTranslationFilter.doFilter(ExceptionTranslationFilter.java:120)
	at org.springframework.security.web.FilterChainProxy$VirtualFilterChain.doFilter(FilterChainProxy.java:374)
	at org.springframework.security.web.session.SessionManagementFilter.doFilter(SessionManagementFilter.java:131)
	at org.springframework.security.web.session.SessionManagementFilter.doFilter(SessionManagementFilter.java:85)
	at org.springframework.security.web.FilterChainProxy$VirtualFilterChain.doFilter(FilterChainProxy.java:374)
	at org.springframework.security.web.authentication.AnonymousAuthenticationFilter.doFilter(AnonymousAuthenticationFilter.java:100)
	at org.springframework.security.web.FilterChainProxy$VirtualFilterChain.doFilter(FilterChainProxy.java:374)
	at org.springframework.security.web.authentication.rememberme.RememberMeAuthenticationFilter.doFilter(RememberMeAuthenticationFilter.java:114)
	at org.springframework.security.web.authentication.rememberme.RememberMeAuthenticationFilter.doFilter(RememberMeAuthenticationFilter.java:105)
	at org.springframework.security.web.FilterChainProxy$VirtualFilterChain.doFilter(FilterChainProxy.java:374)
	at org.springframework.security.web.servletapi.SecurityContextHolderAwareRequestFilter.doFilter(SecurityContextHolderAwareRequestFilter.java:179)
	at org.springframework.security.web.FilterChainProxy$VirtualFilterChain.doFilter(FilterChainProxy.java:374)
	at org.springframework.security.web.savedrequest.RequestCacheAwareFilter.doFilter(RequestCacheAwareFilter.java:63)
	at org.springframework.security.web.FilterChainProxy$VirtualFilterChain.doFilter(FilterChainProxy.java:374)
	at org.springframework.security.web.authentication.logout.LogoutFilter.doFilter(LogoutFilter.java:107)
	at org.springframework.security.web.authentication.logout.LogoutFilter.doFilter(LogoutFilter.java:93)
	at org.springframework.security.web.FilterChainProxy$VirtualFilterChain.doFilter(FilterChainProxy.java:374)
	at com.unibuc.management.config.SecurityConfig.lambda$securityFilterChain$13(SecurityConfig.java:133)
	at org.springframework.security.web.FilterChainProxy$VirtualFilterChain.doFilter(FilterChainProxy.java:374)
	at org.springframework.security.web.csrf.CsrfFilter.doFilterInternal(CsrfFilter.java:117)
	at org.springframework.web.filter.OncePerRequestFilter.doFilter(OncePerRequestFilter.java:116)
	at org.springframework.security.web.FilterChainProxy$VirtualFilterChain.doFilter(FilterChainProxy.java:374)
	at org.springframework.web.filter.CorsFilter.doFilterInternal(CorsFilter.java:91)
	at org.springframework.web.filter.OncePerRequestFilter.doFilter(OncePerRequestFilter.java:116)
	at org.springframework.security.web.FilterChainProxy$VirtualFilterChain.doFilter(FilterChainProxy.java:374)
	at org.springframework.security.web.header.HeaderWriterFilter.doHeadersAfter(HeaderWriterFilter.java:90)
	at org.springframework.security.web.header.HeaderWriterFilter.doFilterInternal(HeaderWriterFilter.java:75)
	at org.springframework.web.filter.OncePerRequestFilter.doFilter(OncePerRequestFilter.java:116)
	at org.springframework.security.web.FilterChainProxy$VirtualFilterChain.doFilter(FilterChainProxy.java:374)
	at org.springframework.security.web.context.SecurityContextHolderFilter.doFilter(SecurityContextHolderFilter.java:82)
	at org.springframework.security.web.context.SecurityContextHolderFilter.doFilter(SecurityContextHolderFilter.java:69)
	at org.springframework.security.web.FilterChainProxy$VirtualFilterChain.doFilter(FilterChainProxy.java:374)
	at org.springframework.security.web.context.request.async.WebAsyncManagerIntegrationFilter.doFilterInternal(WebAsyncManagerIntegrationFilter.java:62)
	at org.springframework.web.filter.OncePerRequestFilter.doFilter(OncePerRequestFilter.java:116)
	at org.springframework.security.web.FilterChainProxy$VirtualFilterChain.doFilter(FilterChainProxy.java:374)
	at org.springframework.security.web.session.DisableEncodeUrlFilter.doFilterInternal(DisableEncodeUrlFilter.java:42)
	at org.springframework.web.filter.OncePerRequestFilter.doFilter(OncePerRequestFilter.java:116)
	at org.springframework.security.web.FilterChainProxy$VirtualFilterChain.doFilter(FilterChainProxy.java:374)
	at org.springframework.security.web.FilterChainProxy.doFilterInternal(FilterChainProxy.java:233)
	at org.springframework.security.web.FilterChainProxy.doFilter(FilterChainProxy.java:191)
	at org.springframework.web.filter.CompositeFilter$VirtualFilterChain.doFilter(CompositeFilter.java:113)
	at org.springframework.web.servlet.handler.HandlerMappingIntrospector.lambda$createCacheFilter$3(HandlerMappingIntrospector.java:243)
	at org.springframework.web.filter.CompositeFilter$VirtualFilterChain.doFilter(CompositeFilter.java:113)
	at org.springframework.web.filter.CompositeFilter.doFilter(CompositeFilter.java:74)
	at org.springframework.security.config.annotation.web.configuration.WebMvcSecurityConfiguration$CompositeFilterChainProxy.doFilter(WebMvcSecurityConfiguration.java:238)
	at org.springframework.web.filter.DelegatingFilterProxy.invokeDelegate(DelegatingFilterProxy.java:362)
	at org.springframework.web.filter.DelegatingFilterProxy.doFilter(DelegatingFilterProxy.java:278)
	at org.apache.catalina.core.ApplicationFilterChain.internalDoFilter(ApplicationFilterChain.java:164)
	at org.apache.catalina.core.ApplicationFilterChain.doFilter(ApplicationFilterChain.java:140)
	at org.springframework.web.filter.RequestContextFilter.doFilterInternal(RequestContextFilter.java:100)
	at org.springframework.web.filter.OncePerRequestFilter.doFilter(OncePerRequestFilter.java:116)
	at org.apache.catalina.core.ApplicationFilterChain.internalDoFilter(ApplicationFilterChain.java:164)
	at org.apache.catalina.core.ApplicationFilterChain.doFilter(ApplicationFilterChain.java:140)
	at org.springframework.web.filter.FormContentFilter.doFilterInternal(FormContentFilter.java:93)
	at org.springframework.web.filter.OncePerRequestFilter.doFilter(OncePerRequestFilter.java:116)
	at org.apache.catalina.core.ApplicationFilterChain.internalDoFilter(ApplicationFilterChain.java:164)
	at org.apache.catalina.core.ApplicationFilterChain.doFilter(ApplicationFilterChain.java:140)
	at org.springframework.web.filter.CharacterEncodingFilter.doFilterInternal(CharacterEncodingFilter.java:201)
	at org.springframework.web.filter.OncePerRequestFilter.doFilter(OncePerRequestFilter.java:116)
	at org.apache.catalina.core.ApplicationFilterChain.internalDoFilter(ApplicationFilterChain.java:164)
	at org.apache.catalina.core.ApplicationFilterChain.doFilter(ApplicationFilterChain.java:140)
	at org.apache.catalina.core.StandardWrapperValve.invoke(StandardWrapperValve.java:167)
	at org.apache.catalina.core.StandardContextValve.invoke(StandardContextValve.java:90)
	at org.apache.catalina.authenticator.AuthenticatorBase.invoke(AuthenticatorBase.java:483)
	at org.apache.catalina.core.StandardHostValve.invoke(StandardHostValve.java:115)
	at org.apache.catalina.valves.ErrorReportValve.invoke(ErrorReportValve.java:93)
	at org.apache.catalina.core.StandardEngineValve.invoke(StandardEngineValve.java:74)
	at org.apache.catalina.connector.CoyoteAdapter.service(CoyoteAdapter.java:344)
	at org.apache.coyote.http11.Http11Processor.service(Http11Processor.java:397)
	at org.apache.coyote.AbstractProcessorLight.process(AbstractProcessorLight.java:63)
	at org.apache.coyote.AbstractProtocol$ConnectionHandler.process(AbstractProtocol.java:905)
	at org.apache.tomcat.util.net.NioEndpoint$SocketProcessor.doRun(NioEndpoint.java:1741)
	at org.apache.tomcat.util.net.SocketProcessorBase.run(SocketProcessorBase.java:52)
	at org.apache.tomcat.util.threads.ThreadPoolExecutor.runWorker(ThreadPoolExecutor.java:1190)
	at org.apache.tomcat.util.threads.ThreadPoolExecutor$Worker.run(ThreadPoolExecutor.java:659)
	at org.apache.tomcat.util.threads.TaskThread$WrappingRunnable.run(TaskThread.java:63)
	at java.base/java.lang.Thread.run(Thread.java:833)
Caused by: java.lang.NumberFormatException: For input string: "undefined"
	at java.base/java.lang.NumberFormatException.forInputString(NumberFormatException.java:67)
	at java.base/java.lang.Integer.parseInt(Integer.java:668)
	at java.base/java.lang.Integer.valueOf(Integer.java:999)
	at org.springframework.util.NumberUtils.parseNumber(NumberUtils.java:201)
	at org.springframework.beans.propertyeditors.CustomNumberEditor.setAsText(CustomNumberEditor.java:115)
	at org.springframework.beans.TypeConverterDelegate.doConvertTextValue(TypeConverterDelegate.java:439)
	at org.springframework.beans.TypeConverterDelegate.doConvertValue(TypeConverterDelegate.java:412)
	at org.springframework.beans.TypeConverterDelegate.convertIfNecessary(TypeConverterDelegate.java:161)
	at org.springframework.beans.TypeConverterSupport.convertIfNecessary(TypeConverterSupport.java:80)
	at org.springframework.beans.TypeConverterSupport.convertIfNecessary(TypeConverterSupport.java:53)
	at org.springframework.validation.DataBinder.convertIfNecessary(DataBinder.java:866)
	at org.springframework.web.method.annotation.AbstractNamedValueMethodArgumentResolver.convertIfNecessary(AbstractNamedValueMethodArgumentResolver.java:293)
	... 103 common frames omitted
2026-06-12 00:01:35 [http-nio-8080-exec-7] INFO  c.u.management.aspects.LoggingAspect - AOP-LOG [SUCCESS]: Metoda MedicalServiceService.getAllServices() s-a finalizat cu succes. Rezultat returnat: [com.unibuc.management.entities.MedicalService@5727a65f, com.unibuc.management.entities.MedicalService@4b897913, com.unibuc.management.entities.MedicalService@a3f5f61]
2026-06-12 00:01:37 [http-nio-8080-exec-10] DEBUG o.s.security.web.FilterChainProxy - Securing GET /api/medical-services
2026-06-12 00:01:37 [http-nio-8080-exec-8] DEBUG o.s.security.web.FilterChainProxy - Securing GET /api/appointments/patient/undefined
2026-06-12 00:01:37 [http-nio-8080-exec-8] DEBUG o.s.s.w.c.HttpSessionSecurityContextRepository - Retrieved SecurityContextImpl [Authentication=UsernamePasswordAuthenticationToken [Principal=com.unibuc.management.security.CustomUserDetails [Username=Ioan Popescu, Password=[PROTECTED], Enabled=true, AccountNonExpired=true, CredentialsNonExpired=true, AccountNonLocked=true, Granted Authorities=[ROLE_PATIENT]], Credentials=[PROTECTED], Authenticated=true, Details=null, Granted Authorities=[ROLE_PATIENT]]]
2026-06-12 00:01:37 [http-nio-8080-exec-10] DEBUG o.s.s.w.c.HttpSessionSecurityContextRepository - Retrieved SecurityContextImpl [Authentication=UsernamePasswordAuthenticationToken [Principal=com.unibuc.management.security.CustomUserDetails [Username=Ioan Popescu, Password=[PROTECTED], Enabled=true, AccountNonExpired=true, CredentialsNonExpired=true, AccountNonLocked=true, Granted Authorities=[ROLE_PATIENT]], Credentials=[PROTECTED], Authenticated=true, Details=null, Granted Authorities=[ROLE_PATIENT]]]
2026-06-12 00:01:37 [http-nio-8080-exec-10] DEBUG o.s.s.w.a.r.RememberMeAuthenticationFilter - SecurityContextHolder not populated with remember-me token, as it already contained: 'UsernamePasswordAuthenticationToken [Principal=com.unibuc.management.security.CustomUserDetails [Username=Ioan Popescu, Password=[PROTECTED], Enabled=true, AccountNonExpired=true, CredentialsNonExpired=true, AccountNonLocked=true, Granted Authorities=[ROLE_PATIENT]], Credentials=[PROTECTED], Authenticated=true, Details=null, Granted Authorities=[ROLE_PATIENT]]'
2026-06-12 00:01:37 [http-nio-8080-exec-8] DEBUG o.s.s.w.a.r.RememberMeAuthenticationFilter - SecurityContextHolder not populated with remember-me token, as it already contained: 'UsernamePasswordAuthenticationToken [Principal=com.unibuc.management.security.CustomUserDetails [Username=Ioan Popescu, Password=[PROTECTED], Enabled=true, AccountNonExpired=true, CredentialsNonExpired=true, AccountNonLocked=true, Granted Authorities=[ROLE_PATIENT]], Credentials=[PROTECTED], Authenticated=true, Details=null, Granted Authorities=[ROLE_PATIENT]]'
2026-06-12 00:01:37 [http-nio-8080-exec-10] DEBUG o.s.security.web.FilterChainProxy - Secured GET /api/medical-services
2026-06-12 00:01:37 [http-nio-8080-exec-8] DEBUG o.s.security.web.FilterChainProxy - Secured GET /api/appointments/patient/undefined
2026-06-12 00:01:37 [http-nio-8080-exec-10] INFO  c.u.management.aspects.LoggingAspect - AOP-LOG [START]: Se execută metoda MedicalServiceService.getAllServices() cu argumentele: []
2026-06-12 00:01:37 [http-nio-8080-exec-10] DEBUG c.u.m.services.MedicalServiceService - Se preia lista completă a serviciilor medicale.
2026-06-12 00:01:37 [http-nio-8080-exec-8] ERROR c.u.m.e.GlobalExceptionHandler - Eroare critica neasteptata în aplicație: 
org.springframework.web.method.annotation.MethodArgumentTypeMismatchException: Method parameter 'patientId': Failed to convert value of type 'java.lang.String' to required type 'java.lang.Integer'; For input string: "undefined"
	at org.springframework.web.method.annotation.AbstractNamedValueMethodArgumentResolver.convertIfNecessary(AbstractNamedValueMethodArgumentResolver.java:301)
	at org.springframework.web.method.annotation.AbstractNamedValueMethodArgumentResolver.resolveArgument(AbstractNamedValueMethodArgumentResolver.java:136)
	at org.springframework.web.method.support.HandlerMethodArgumentResolverComposite.resolveArgument(HandlerMethodArgumentResolverComposite.java:122)
	at org.springframework.web.method.support.InvocableHandlerMethod.getMethodArgumentValues(InvocableHandlerMethod.java:226)
	at org.springframework.web.method.support.InvocableHandlerMethod.invokeForRequest(InvocableHandlerMethod.java:180)
	at org.springframework.web.servlet.mvc.method.annotation.ServletInvocableHandlerMethod.invokeAndHandle(ServletInvocableHandlerMethod.java:118)
	at org.springframework.web.servlet.mvc.method.annotation.RequestMappingHandlerAdapter.invokeHandlerMethod(RequestMappingHandlerAdapter.java:986)
	at org.springframework.web.servlet.mvc.method.annotation.RequestMappingHandlerAdapter.handleInternal(RequestMappingHandlerAdapter.java:891)
	at org.springframework.web.servlet.mvc.method.AbstractHandlerMethodAdapter.handle(AbstractHandlerMethodAdapter.java:87)
	at org.springframework.web.servlet.DispatcherServlet.doDispatch(DispatcherServlet.java:1088)
	at org.springframework.web.servlet.DispatcherServlet.doService(DispatcherServlet.java:978)
	at org.springframework.web.servlet.FrameworkServlet.processRequest(FrameworkServlet.java:1014)
	at org.springframework.web.servlet.FrameworkServlet.doGet(FrameworkServlet.java:903)
	at jakarta.servlet.http.HttpServlet.service(HttpServlet.java:564)
	at org.springframework.web.servlet.FrameworkServlet.service(FrameworkServlet.java:885)
	at jakarta.servlet.http.HttpServlet.service(HttpServlet.java:658)
	at org.apache.catalina.core.ApplicationFilterChain.internalDoFilter(ApplicationFilterChain.java:195)
	at org.apache.catalina.core.ApplicationFilterChain.doFilter(ApplicationFilterChain.java:140)
	at org.apache.tomcat.websocket.server.WsFilter.doFilter(WsFilter.java:51)
	at org.apache.catalina.core.ApplicationFilterChain.internalDoFilter(ApplicationFilterChain.java:164)
	at org.apache.catalina.core.ApplicationFilterChain.doFilter(ApplicationFilterChain.java:140)
	at org.springframework.web.filter.CompositeFilter$VirtualFilterChain.doFilter(CompositeFilter.java:108)
	at org.springframework.security.web.FilterChainProxy.lambda$doFilterInternal$3(FilterChainProxy.java:231)
	at org.springframework.security.web.FilterChainProxy$VirtualFilterChain.doFilter(FilterChainProxy.java:365)
	at org.springframework.security.web.access.intercept.AuthorizationFilter.doFilter(AuthorizationFilter.java:101)
	at org.springframework.security.web.FilterChainProxy$VirtualFilterChain.doFilter(FilterChainProxy.java:374)
	at org.springframework.security.web.access.ExceptionTranslationFilter.doFilter(ExceptionTranslationFilter.java:126)
	at org.springframework.security.web.access.ExceptionTranslationFilter.doFilter(ExceptionTranslationFilter.java:120)
	at org.springframework.security.web.FilterChainProxy$VirtualFilterChain.doFilter(FilterChainProxy.java:374)
	at org.springframework.security.web.session.SessionManagementFilter.doFilter(SessionManagementFilter.java:131)
	at org.springframework.security.web.session.SessionManagementFilter.doFilter(SessionManagementFilter.java:85)
	at org.springframework.security.web.FilterChainProxy$VirtualFilterChain.doFilter(FilterChainProxy.java:374)
	at org.springframework.security.web.authentication.AnonymousAuthenticationFilter.doFilter(AnonymousAuthenticationFilter.java:100)
	at org.springframework.security.web.FilterChainProxy$VirtualFilterChain.doFilter(FilterChainProxy.java:374)
	at org.springframework.security.web.authentication.rememberme.RememberMeAuthenticationFilter.doFilter(RememberMeAuthenticationFilter.java:114)
	at org.springframework.security.web.authentication.rememberme.RememberMeAuthenticationFilter.doFilter(RememberMeAuthenticationFilter.java:105)
	at org.springframework.security.web.FilterChainProxy$VirtualFilterChain.doFilter(FilterChainProxy.java:374)
	at org.springframework.security.web.servletapi.SecurityContextHolderAwareRequestFilter.doFilter(SecurityContextHolderAwareRequestFilter.java:179)
	at org.springframework.security.web.FilterChainProxy$VirtualFilterChain.doFilter(FilterChainProxy.java:374)
	at org.springframework.security.web.savedrequest.RequestCacheAwareFilter.doFilter(RequestCacheAwareFilter.java:63)
	at org.springframework.security.web.FilterChainProxy$VirtualFilterChain.doFilter(FilterChainProxy.java:374)
	at org.springframework.security.web.authentication.logout.LogoutFilter.doFilter(LogoutFilter.java:107)
	at org.springframework.security.web.authentication.logout.LogoutFilter.doFilter(LogoutFilter.java:93)
	at org.springframework.security.web.FilterChainProxy$VirtualFilterChain.doFilter(FilterChainProxy.java:374)
	at com.unibuc.management.config.SecurityConfig.lambda$securityFilterChain$13(SecurityConfig.java:133)
	at org.springframework.security.web.FilterChainProxy$VirtualFilterChain.doFilter(FilterChainProxy.java:374)
	at org.springframework.security.web.csrf.CsrfFilter.doFilterInternal(CsrfFilter.java:117)
	at org.springframework.web.filter.OncePerRequestFilter.doFilter(OncePerRequestFilter.java:116)
	at org.springframework.security.web.FilterChainProxy$VirtualFilterChain.doFilter(FilterChainProxy.java:374)
	at org.springframework.web.filter.CorsFilter.doFilterInternal(CorsFilter.java:91)
	at org.springframework.web.filter.OncePerRequestFilter.doFilter(OncePerRequestFilter.java:116)
	at org.springframework.security.web.FilterChainProxy$VirtualFilterChain.doFilter(FilterChainProxy.java:374)
	at org.springframework.security.web.header.HeaderWriterFilter.doHeadersAfter(HeaderWriterFilter.java:90)
	at org.springframework.security.web.header.HeaderWriterFilter.doFilterInternal(HeaderWriterFilter.java:75)
	at org.springframework.web.filter.OncePerRequestFilter.doFilter(OncePerRequestFilter.java:116)
	at org.springframework.security.web.FilterChainProxy$VirtualFilterChain.doFilter(FilterChainProxy.java:374)
	at org.springframework.security.web.context.SecurityContextHolderFilter.doFilter(SecurityContextHolderFilter.java:82)
	at org.springframework.security.web.context.SecurityContextHolderFilter.doFilter(SecurityContextHolderFilter.java:69)
	at org.springframework.security.web.FilterChainProxy$VirtualFilterChain.doFilter(FilterChainProxy.java:374)
	at org.springframework.security.web.context.request.async.WebAsyncManagerIntegrationFilter.doFilterInternal(WebAsyncManagerIntegrationFilter.java:62)
	at org.springframework.web.filter.OncePerRequestFilter.doFilter(OncePerRequestFilter.java:116)
	at org.springframework.security.web.FilterChainProxy$VirtualFilterChain.doFilter(FilterChainProxy.java:374)
	at org.springframework.security.web.session.DisableEncodeUrlFilter.doFilterInternal(DisableEncodeUrlFilter.java:42)
	at org.springframework.web.filter.OncePerRequestFilter.doFilter(OncePerRequestFilter.java:116)
	at org.springframework.security.web.FilterChainProxy$VirtualFilterChain.doFilter(FilterChainProxy.java:374)
	at org.springframework.security.web.FilterChainProxy.doFilterInternal(FilterChainProxy.java:233)
	at org.springframework.security.web.FilterChainProxy.doFilter(FilterChainProxy.java:191)
	at org.springframework.web.filter.CompositeFilter$VirtualFilterChain.doFilter(CompositeFilter.java:113)
	at org.springframework.web.servlet.handler.HandlerMappingIntrospector.lambda$createCacheFilter$3(HandlerMappingIntrospector.java:243)
	at org.springframework.web.filter.CompositeFilter$VirtualFilterChain.doFilter(CompositeFilter.java:113)
	at org.springframework.web.filter.CompositeFilter.doFilter(CompositeFilter.java:74)
	at org.springframework.security.config.annotation.web.configuration.WebMvcSecurityConfiguration$CompositeFilterChainProxy.doFilter(WebMvcSecurityConfiguration.java:238)
	at org.springframework.web.filter.DelegatingFilterProxy.invokeDelegate(DelegatingFilterProxy.java:362)
	at org.springframework.web.filter.DelegatingFilterProxy.doFilter(DelegatingFilterProxy.java:278)
	at org.apache.catalina.core.ApplicationFilterChain.internalDoFilter(ApplicationFilterChain.java:164)
	at org.apache.catalina.core.ApplicationFilterChain.doFilter(ApplicationFilterChain.java:140)
	at org.springframework.web.filter.RequestContextFilter.doFilterInternal(RequestContextFilter.java:100)
	at org.springframework.web.filter.OncePerRequestFilter.doFilter(OncePerRequestFilter.java:116)
	at org.apache.catalina.core.ApplicationFilterChain.internalDoFilter(ApplicationFilterChain.java:164)
	at org.apache.catalina.core.ApplicationFilterChain.doFilter(ApplicationFilterChain.java:140)
	at org.springframework.web.filter.FormContentFilter.doFilterInternal(FormContentFilter.java:93)
	at org.springframework.web.filter.OncePerRequestFilter.doFilter(OncePerRequestFilter.java:116)
	at org.apache.catalina.core.ApplicationFilterChain.internalDoFilter(ApplicationFilterChain.java:164)
	at org.apache.catalina.core.ApplicationFilterChain.doFilter(ApplicationFilterChain.java:140)
	at org.springframework.web.filter.CharacterEncodingFilter.doFilterInternal(CharacterEncodingFilter.java:201)
	at org.springframework.web.filter.OncePerRequestFilter.doFilter(OncePerRequestFilter.java:116)
	at org.apache.catalina.core.ApplicationFilterChain.internalDoFilter(ApplicationFilterChain.java:164)
	at org.apache.catalina.core.ApplicationFilterChain.doFilter(ApplicationFilterChain.java:140)
	at org.apache.catalina.core.StandardWrapperValve.invoke(StandardWrapperValve.java:167)
	at org.apache.catalina.core.StandardContextValve.invoke(StandardContextValve.java:90)
	at org.apache.catalina.authenticator.AuthenticatorBase.invoke(AuthenticatorBase.java:483)
	at org.apache.catalina.core.StandardHostValve.invoke(StandardHostValve.java:115)
	at org.apache.catalina.valves.ErrorReportValve.invoke(ErrorReportValve.java:93)
	at org.apache.catalina.core.StandardEngineValve.invoke(StandardEngineValve.java:74)
	at org.apache.catalina.connector.CoyoteAdapter.service(CoyoteAdapter.java:344)
	at org.apache.coyote.http11.Http11Processor.service(Http11Processor.java:397)
	at org.apache.coyote.AbstractProcessorLight.process(AbstractProcessorLight.java:63)
	at org.apache.coyote.AbstractProtocol$ConnectionHandler.process(AbstractProtocol.java:905)
	at org.apache.tomcat.util.net.NioEndpoint$SocketProcessor.doRun(NioEndpoint.java:1741)
	at org.apache.tomcat.util.net.SocketProcessorBase.run(SocketProcessorBase.java:52)
	at org.apache.tomcat.util.threads.ThreadPoolExecutor.runWorker(ThreadPoolExecutor.java:1190)
	at org.apache.tomcat.util.threads.ThreadPoolExecutor$Worker.run(ThreadPoolExecutor.java:659)
	at org.apache.tomcat.util.threads.TaskThread$WrappingRunnable.run(TaskThread.java:63)
	at java.base/java.lang.Thread.run(Thread.java:833)
Caused by: java.lang.NumberFormatException: For input string: "undefined"
	at java.base/java.lang.NumberFormatException.forInputString(NumberFormatException.java:67)
	at java.base/java.lang.Integer.parseInt(Integer.java:668)
	at java.base/java.lang.Integer.valueOf(Integer.java:999)
	at org.springframework.util.NumberUtils.parseNumber(NumberUtils.java:201)
	at org.springframework.beans.propertyeditors.CustomNumberEditor.setAsText(CustomNumberEditor.java:115)
	at org.springframework.beans.TypeConverterDelegate.doConvertTextValue(TypeConverterDelegate.java:439)
	at org.springframework.beans.TypeConverterDelegate.doConvertValue(TypeConverterDelegate.java:412)
	at org.springframework.beans.TypeConverterDelegate.convertIfNecessary(TypeConverterDelegate.java:161)
	at org.springframework.beans.TypeConverterSupport.convertIfNecessary(TypeConverterSupport.java:80)
	at org.springframework.beans.TypeConverterSupport.convertIfNecessary(TypeConverterSupport.java:53)
	at org.springframework.validation.DataBinder.convertIfNecessary(DataBinder.java:866)
	at org.springframework.web.method.annotation.AbstractNamedValueMethodArgumentResolver.convertIfNecessary(AbstractNamedValueMethodArgumentResolver.java:293)
	... 103 common frames omitted
2026-06-12 00:01:37 [http-nio-8080-exec-10] INFO  c.u.management.aspects.LoggingAspect - AOP-LOG [SUCCESS]: Metoda MedicalServiceService.getAllServices() s-a finalizat cu succes. Rezultat returnat: [com.unibuc.management.entities.MedicalService@727a4dca, com.unibuc.management.entities.MedicalService@18d6a5da, com.unibuc.management.entities.MedicalService@f3b2d51]
2026-06-12 00:01:47 [http-nio-8080-exec-9] DEBUG o.s.security.web.FilterChainProxy - Securing GET /api/medical-services
2026-06-12 00:01:47 [http-nio-8080-exec-9] DEBUG o.s.s.w.c.HttpSessionSecurityContextRepository - Retrieved SecurityContextImpl [Authentication=UsernamePasswordAuthenticationToken [Principal=com.unibuc.management.security.CustomUserDetails [Username=Ioan Popescu, Password=[PROTECTED], Enabled=true, AccountNonExpired=true, CredentialsNonExpired=true, AccountNonLocked=true, Granted Authorities=[ROLE_PATIENT]], Credentials=[PROTECTED], Authenticated=true, Details=null, Granted Authorities=[ROLE_PATIENT]]]
2026-06-12 00:01:47 [http-nio-8080-exec-9] DEBUG o.s.s.w.a.r.RememberMeAuthenticationFilter - SecurityContextHolder not populated with remember-me token, as it already contained: 'UsernamePasswordAuthenticationToken [Principal=com.unibuc.management.security.CustomUserDetails [Username=Ioan Popescu, Password=[PROTECTED], Enabled=true, AccountNonExpired=true, CredentialsNonExpired=true, AccountNonLocked=true, Granted Authorities=[ROLE_PATIENT]], Credentials=[PROTECTED], Authenticated=true, Details=null, Granted Authorities=[ROLE_PATIENT]]'
2026-06-12 00:01:47 [http-nio-8080-exec-9] DEBUG o.s.security.web.FilterChainProxy - Secured GET /api/medical-services
2026-06-12 00:01:47 [http-nio-8080-exec-1] DEBUG o.s.security.web.FilterChainProxy - Securing GET /api/appointments/patient/undefined
2026-06-12 00:01:47 [http-nio-8080-exec-1] DEBUG o.s.s.w.c.HttpSessionSecurityContextRepository - Retrieved SecurityContextImpl [Authentication=UsernamePasswordAuthenticationToken [Principal=com.unibuc.management.security.CustomUserDetails [Username=Ioan Popescu, Password=[PROTECTED], Enabled=true, AccountNonExpired=true, CredentialsNonExpired=true, AccountNonLocked=true, Granted Authorities=[ROLE_PATIENT]], Credentials=[PROTECTED], Authenticated=true, Details=null, Granted Authorities=[ROLE_PATIENT]]]
2026-06-12 00:01:47 [http-nio-8080-exec-1] DEBUG o.s.s.w.a.r.RememberMeAuthenticationFilter - SecurityContextHolder not populated with remember-me token, as it already contained: 'UsernamePasswordAuthenticationToken [Principal=com.unibuc.management.security.CustomUserDetails [Username=Ioan Popescu, Password=[PROTECTED], Enabled=true, AccountNonExpired=true, CredentialsNonExpired=true, AccountNonLocked=true, Granted Authorities=[ROLE_PATIENT]], Credentials=[PROTECTED], Authenticated=true, Details=null, Granted Authorities=[ROLE_PATIENT]]'
2026-06-12 00:01:47 [http-nio-8080-exec-1] DEBUG o.s.security.web.FilterChainProxy - Secured GET /api/appointments/patient/undefined
2026-06-12 00:01:47 [http-nio-8080-exec-9] INFO  c.u.management.aspects.LoggingAspect - AOP-LOG [START]: Se execută metoda MedicalServiceService.getAllServices() cu argumentele: []
2026-06-12 00:01:47 [http-nio-8080-exec-9] DEBUG c.u.m.services.MedicalServiceService - Se preia lista completă a serviciilor medicale.
2026-06-12 00:01:47 [http-nio-8080-exec-1] ERROR c.u.m.e.GlobalExceptionHandler - Eroare critica neasteptata în aplicație: 
org.springframework.web.method.annotation.MethodArgumentTypeMismatchException: Method parameter 'patientId': Failed to convert value of type 'java.lang.String' to required type 'java.lang.Integer'; For input string: "undefined"
	at org.springframework.web.method.annotation.AbstractNamedValueMethodArgumentResolver.convertIfNecessary(AbstractNamedValueMethodArgumentResolver.java:301)
	at org.springframework.web.method.annotation.AbstractNamedValueMethodArgumentResolver.resolveArgument(AbstractNamedValueMethodArgumentResolver.java:136)
	at org.springframework.web.method.support.HandlerMethodArgumentResolverComposite.resolveArgument(HandlerMethodArgumentResolverComposite.java:122)
	at org.springframework.web.method.support.InvocableHandlerMethod.getMethodArgumentValues(InvocableHandlerMethod.java:226)
	at org.springframework.web.method.support.InvocableHandlerMethod.invokeForRequest(InvocableHandlerMethod.java:180)
	at org.springframework.web.servlet.mvc.method.annotation.ServletInvocableHandlerMethod.invokeAndHandle(ServletInvocableHandlerMethod.java:118)
	at org.springframework.web.servlet.mvc.method.annotation.RequestMappingHandlerAdapter.invokeHandlerMethod(RequestMappingHandlerAdapter.java:986)
	at org.springframework.web.servlet.mvc.method.annotation.RequestMappingHandlerAdapter.handleInternal(RequestMappingHandlerAdapter.java:891)
	at org.springframework.web.servlet.mvc.method.AbstractHandlerMethodAdapter.handle(AbstractHandlerMethodAdapter.java:87)
	at org.springframework.web.servlet.DispatcherServlet.doDispatch(DispatcherServlet.java:1088)
	at org.springframework.web.servlet.DispatcherServlet.doService(DispatcherServlet.java:978)
	at org.springframework.web.servlet.FrameworkServlet.processRequest(FrameworkServlet.java:1014)
	at org.springframework.web.servlet.FrameworkServlet.doGet(FrameworkServlet.java:903)
	at jakarta.servlet.http.HttpServlet.service(HttpServlet.java:564)
	at org.springframework.web.servlet.FrameworkServlet.service(FrameworkServlet.java:885)
	at jakarta.servlet.http.HttpServlet.service(HttpServlet.java:658)
	at org.apache.catalina.core.ApplicationFilterChain.internalDoFilter(ApplicationFilterChain.java:195)
	at org.apache.catalina.core.ApplicationFilterChain.doFilter(ApplicationFilterChain.java:140)
	at org.apache.tomcat.websocket.server.WsFilter.doFilter(WsFilter.java:51)
	at org.apache.catalina.core.ApplicationFilterChain.internalDoFilter(ApplicationFilterChain.java:164)
	at org.apache.catalina.core.ApplicationFilterChain.doFilter(ApplicationFilterChain.java:140)
	at org.springframework.web.filter.CompositeFilter$VirtualFilterChain.doFilter(CompositeFilter.java:108)
	at org.springframework.security.web.FilterChainProxy.lambda$doFilterInternal$3(FilterChainProxy.java:231)
	at org.springframework.security.web.FilterChainProxy$VirtualFilterChain.doFilter(FilterChainProxy.java:365)
	at org.springframework.security.web.access.intercept.AuthorizationFilter.doFilter(AuthorizationFilter.java:101)
	at org.springframework.security.web.FilterChainProxy$VirtualFilterChain.doFilter(FilterChainProxy.java:374)
	at org.springframework.security.web.access.ExceptionTranslationFilter.doFilter(ExceptionTranslationFilter.java:126)
	at org.springframework.security.web.access.ExceptionTranslationFilter.doFilter(ExceptionTranslationFilter.java:120)
	at org.springframework.security.web.FilterChainProxy$VirtualFilterChain.doFilter(FilterChainProxy.java:374)
	at org.springframework.security.web.session.SessionManagementFilter.doFilter(SessionManagementFilter.java:131)
	at org.springframework.security.web.session.SessionManagementFilter.doFilter(SessionManagementFilter.java:85)
	at org.springframework.security.web.FilterChainProxy$VirtualFilterChain.doFilter(FilterChainProxy.java:374)
	at org.springframework.security.web.authentication.AnonymousAuthenticationFilter.doFilter(AnonymousAuthenticationFilter.java:100)
	at org.springframework.security.web.FilterChainProxy$VirtualFilterChain.doFilter(FilterChainProxy.java:374)
	at org.springframework.security.web.authentication.rememberme.RememberMeAuthenticationFilter.doFilter(RememberMeAuthenticationFilter.java:114)
	at org.springframework.security.web.authentication.rememberme.RememberMeAuthenticationFilter.doFilter(RememberMeAuthenticationFilter.java:105)
	at org.springframework.security.web.FilterChainProxy$VirtualFilterChain.doFilter(FilterChainProxy.java:374)
	at org.springframework.security.web.servletapi.SecurityContextHolderAwareRequestFilter.doFilter(SecurityContextHolderAwareRequestFilter.java:179)
	at org.springframework.security.web.FilterChainProxy$VirtualFilterChain.doFilter(FilterChainProxy.java:374)
	at org.springframework.security.web.savedrequest.RequestCacheAwareFilter.doFilter(RequestCacheAwareFilter.java:63)
	at org.springframework.security.web.FilterChainProxy$VirtualFilterChain.doFilter(FilterChainProxy.java:374)
	at org.springframework.security.web.authentication.logout.LogoutFilter.doFilter(LogoutFilter.java:107)
	at org.springframework.security.web.authentication.logout.LogoutFilter.doFilter(LogoutFilter.java:93)
	at org.springframework.security.web.FilterChainProxy$VirtualFilterChain.doFilter(FilterChainProxy.java:374)
	at com.unibuc.management.config.SecurityConfig.lambda$securityFilterChain$13(SecurityConfig.java:133)
	at org.springframework.security.web.FilterChainProxy$VirtualFilterChain.doFilter(FilterChainProxy.java:374)
	at org.springframework.security.web.csrf.CsrfFilter.doFilterInternal(CsrfFilter.java:117)
	at org.springframework.web.filter.OncePerRequestFilter.doFilter(OncePerRequestFilter.java:116)
	at org.springframework.security.web.FilterChainProxy$VirtualFilterChain.doFilter(FilterChainProxy.java:374)
	at org.springframework.web.filter.CorsFilter.doFilterInternal(CorsFilter.java:91)
	at org.springframework.web.filter.OncePerRequestFilter.doFilter(OncePerRequestFilter.java:116)
	at org.springframework.security.web.FilterChainProxy$VirtualFilterChain.doFilter(FilterChainProxy.java:374)
	at org.springframework.security.web.header.HeaderWriterFilter.doHeadersAfter(HeaderWriterFilter.java:90)
	at org.springframework.security.web.header.HeaderWriterFilter.doFilterInternal(HeaderWriterFilter.java:75)
	at org.springframework.web.filter.OncePerRequestFilter.doFilter(OncePerRequestFilter.java:116)
	at org.springframework.security.web.FilterChainProxy$VirtualFilterChain.doFilter(FilterChainProxy.java:374)
	at org.springframework.security.web.context.SecurityContextHolderFilter.doFilter(SecurityContextHolderFilter.java:82)
	at org.springframework.security.web.context.SecurityContextHolderFilter.doFilter(SecurityContextHolderFilter.java:69)
	at org.springframework.security.web.FilterChainProxy$VirtualFilterChain.doFilter(FilterChainProxy.java:374)
	at org.springframework.security.web.context.request.async.WebAsyncManagerIntegrationFilter.doFilterInternal(WebAsyncManagerIntegrationFilter.java:62)
	at org.springframework.web.filter.OncePerRequestFilter.doFilter(OncePerRequestFilter.java:116)
	at org.springframework.security.web.FilterChainProxy$VirtualFilterChain.doFilter(FilterChainProxy.java:374)
	at org.springframework.security.web.session.DisableEncodeUrlFilter.doFilterInternal(DisableEncodeUrlFilter.java:42)
	at org.springframework.web.filter.OncePerRequestFilter.doFilter(OncePerRequestFilter.java:116)
	at org.springframework.security.web.FilterChainProxy$VirtualFilterChain.doFilter(FilterChainProxy.java:374)
	at org.springframework.security.web.FilterChainProxy.doFilterInternal(FilterChainProxy.java:233)
	at org.springframework.security.web.FilterChainProxy.doFilter(FilterChainProxy.java:191)
	at org.springframework.web.filter.CompositeFilter$VirtualFilterChain.doFilter(CompositeFilter.java:113)
	at org.springframework.web.servlet.handler.HandlerMappingIntrospector.lambda$createCacheFilter$3(HandlerMappingIntrospector.java:243)
	at org.springframework.web.filter.CompositeFilter$VirtualFilterChain.doFilter(CompositeFilter.java:113)
	at org.springframework.web.filter.CompositeFilter.doFilter(CompositeFilter.java:74)
	at org.springframework.security.config.annotation.web.configuration.WebMvcSecurityConfiguration$CompositeFilterChainProxy.doFilter(WebMvcSecurityConfiguration.java:238)
	at org.springframework.web.filter.DelegatingFilterProxy.invokeDelegate(DelegatingFilterProxy.java:362)
	at org.springframework.web.filter.DelegatingFilterProxy.doFilter(DelegatingFilterProxy.java:278)
	at org.apache.catalina.core.ApplicationFilterChain.internalDoFilter(ApplicationFilterChain.java:164)
	at org.apache.catalina.core.ApplicationFilterChain.doFilter(ApplicationFilterChain.java:140)
	at org.springframework.web.filter.RequestContextFilter.doFilterInternal(RequestContextFilter.java:100)
	at org.springframework.web.filter.OncePerRequestFilter.doFilter(OncePerRequestFilter.java:116)
	at org.apache.catalina.core.ApplicationFilterChain.internalDoFilter(ApplicationFilterChain.java:164)
	at org.apache.catalina.core.ApplicationFilterChain.doFilter(ApplicationFilterChain.java:140)
	at org.springframework.web.filter.FormContentFilter.doFilterInternal(FormContentFilter.java:93)
	at org.springframework.web.filter.OncePerRequestFilter.doFilter(OncePerRequestFilter.java:116)
	at org.apache.catalina.core.ApplicationFilterChain.internalDoFilter(ApplicationFilterChain.java:164)
	at org.apache.catalina.core.ApplicationFilterChain.doFilter(ApplicationFilterChain.java:140)
	at org.springframework.web.filter.CharacterEncodingFilter.doFilterInternal(CharacterEncodingFilter.java:201)
	at org.springframework.web.filter.OncePerRequestFilter.doFilter(OncePerRequestFilter.java:116)
	at org.apache.catalina.core.ApplicationFilterChain.internalDoFilter(ApplicationFilterChain.java:164)
	at org.apache.catalina.core.ApplicationFilterChain.doFilter(ApplicationFilterChain.java:140)
	at org.apache.catalina.core.StandardWrapperValve.invoke(StandardWrapperValve.java:167)
	at org.apache.catalina.core.StandardContextValve.invoke(StandardContextValve.java:90)
	at org.apache.catalina.authenticator.AuthenticatorBase.invoke(AuthenticatorBase.java:483)
	at org.apache.catalina.core.StandardHostValve.invoke(StandardHostValve.java:115)
	at org.apache.catalina.valves.ErrorReportValve.invoke(ErrorReportValve.java:93)
	at org.apache.catalina.core.StandardEngineValve.invoke(StandardEngineValve.java:74)
	at org.apache.catalina.connector.CoyoteAdapter.service(CoyoteAdapter.java:344)
	at org.apache.coyote.http11.Http11Processor.service(Http11Processor.java:397)
	at org.apache.coyote.AbstractProcessorLight.process(AbstractProcessorLight.java:63)
	at org.apache.coyote.AbstractProtocol$ConnectionHandler.process(AbstractProtocol.java:905)
	at org.apache.tomcat.util.net.NioEndpoint$SocketProcessor.doRun(NioEndpoint.java:1741)
	at org.apache.tomcat.util.net.SocketProcessorBase.run(SocketProcessorBase.java:52)
	at org.apache.tomcat.util.threads.ThreadPoolExecutor.runWorker(ThreadPoolExecutor.java:1190)
	at org.apache.tomcat.util.threads.ThreadPoolExecutor$Worker.run(ThreadPoolExecutor.java:659)
	at org.apache.tomcat.util.threads.TaskThread$WrappingRunnable.run(TaskThread.java:63)
	at java.base/java.lang.Thread.run(Thread.java:833)
Caused by: java.lang.NumberFormatException: For input string: "undefined"
	at java.base/java.lang.NumberFormatException.forInputString(NumberFormatException.java:67)
	at java.base/java.lang.Integer.parseInt(Integer.java:668)
	at java.base/java.lang.Integer.valueOf(Integer.java:999)
	at org.springframework.util.NumberUtils.parseNumber(NumberUtils.java:201)
	at org.springframework.beans.propertyeditors.CustomNumberEditor.setAsText(CustomNumberEditor.java:115)
	at org.springframework.beans.TypeConverterDelegate.doConvertTextValue(TypeConverterDelegate.java:439)
	at org.springframework.beans.TypeConverterDelegate.doConvertValue(TypeConverterDelegate.java:412)
	at org.springframework.beans.TypeConverterDelegate.convertIfNecessary(TypeConverterDelegate.java:161)
	at org.springframework.beans.TypeConverterSupport.convertIfNecessary(TypeConverterSupport.java:80)
	at org.springframework.beans.TypeConverterSupport.convertIfNecessary(TypeConverterSupport.java:53)
	at org.springframework.validation.DataBinder.convertIfNecessary(DataBinder.java:866)
	at org.springframework.web.method.annotation.AbstractNamedValueMethodArgumentResolver.convertIfNecessary(AbstractNamedValueMethodArgumentResolver.java:293)
	... 103 common frames omitted
2026-06-12 00:01:47 [http-nio-8080-exec-2] DEBUG o.s.security.web.FilterChainProxy - Securing GET /api/appointments/patient/undefined
2026-06-12 00:01:47 [http-nio-8080-exec-2] DEBUG o.s.s.w.c.HttpSessionSecurityContextRepository - Retrieved SecurityContextImpl [Authentication=UsernamePasswordAuthenticationToken [Principal=com.unibuc.management.security.CustomUserDetails [Username=Ioan Popescu, Password=[PROTECTED], Enabled=true, AccountNonExpired=true, CredentialsNonExpired=true, AccountNonLocked=true, Granted Authorities=[ROLE_PATIENT]], Credentials=[PROTECTED], Authenticated=true, Details=null, Granted Authorities=[ROLE_PATIENT]]]
2026-06-12 00:01:47 [http-nio-8080-exec-2] DEBUG o.s.s.w.a.r.RememberMeAuthenticationFilter - SecurityContextHolder not populated with remember-me token, as it already contained: 'UsernamePasswordAuthenticationToken [Principal=com.unibuc.management.security.CustomUserDetails [Username=Ioan Popescu, Password=[PROTECTED], Enabled=true, AccountNonExpired=true, CredentialsNonExpired=true, AccountNonLocked=true, Granted Authorities=[ROLE_PATIENT]], Credentials=[PROTECTED], Authenticated=true, Details=null, Granted Authorities=[ROLE_PATIENT]]'
2026-06-12 00:01:47 [http-nio-8080-exec-2] DEBUG o.s.security.web.FilterChainProxy - Secured GET /api/appointments/patient/undefined
2026-06-12 00:01:47 [http-nio-8080-exec-2] ERROR c.u.m.e.GlobalExceptionHandler - Eroare critica neasteptata în aplicație: 
org.springframework.web.method.annotation.MethodArgumentTypeMismatchException: Method parameter 'patientId': Failed to convert value of type 'java.lang.String' to required type 'java.lang.Integer'; For input string: "undefined"
	at org.springframework.web.method.annotation.AbstractNamedValueMethodArgumentResolver.convertIfNecessary(AbstractNamedValueMethodArgumentResolver.java:301)
	at org.springframework.web.method.annotation.AbstractNamedValueMethodArgumentResolver.resolveArgument(AbstractNamedValueMethodArgumentResolver.java:136)
	at org.springframework.web.method.support.HandlerMethodArgumentResolverComposite.resolveArgument(HandlerMethodArgumentResolverComposite.java:122)
	at org.springframework.web.method.support.InvocableHandlerMethod.getMethodArgumentValues(InvocableHandlerMethod.java:226)
	at org.springframework.web.method.support.InvocableHandlerMethod.invokeForRequest(InvocableHandlerMethod.java:180)
	at org.springframework.web.servlet.mvc.method.annotation.ServletInvocableHandlerMethod.invokeAndHandle(ServletInvocableHandlerMethod.java:118)
	at org.springframework.web.servlet.mvc.method.annotation.RequestMappingHandlerAdapter.invokeHandlerMethod(RequestMappingHandlerAdapter.java:986)
	at org.springframework.web.servlet.mvc.method.annotation.RequestMappingHandlerAdapter.handleInternal(RequestMappingHandlerAdapter.java:891)
	at org.springframework.web.servlet.mvc.method.AbstractHandlerMethodAdapter.handle(AbstractHandlerMethodAdapter.java:87)
	at org.springframework.web.servlet.DispatcherServlet.doDispatch(DispatcherServlet.java:1088)
	at org.springframework.web.servlet.DispatcherServlet.doService(DispatcherServlet.java:978)
	at org.springframework.web.servlet.FrameworkServlet.processRequest(FrameworkServlet.java:1014)
	at org.springframework.web.servlet.FrameworkServlet.doGet(FrameworkServlet.java:903)
	at jakarta.servlet.http.HttpServlet.service(HttpServlet.java:564)
	at org.springframework.web.servlet.FrameworkServlet.service(FrameworkServlet.java:885)
	at jakarta.servlet.http.HttpServlet.service(HttpServlet.java:658)
	at org.apache.catalina.core.ApplicationFilterChain.internalDoFilter(ApplicationFilterChain.java:195)
	at org.apache.catalina.core.ApplicationFilterChain.doFilter(ApplicationFilterChain.java:140)
	at org.apache.tomcat.websocket.server.WsFilter.doFilter(WsFilter.java:51)
	at org.apache.catalina.core.ApplicationFilterChain.internalDoFilter(ApplicationFilterChain.java:164)
	at org.apache.catalina.core.ApplicationFilterChain.doFilter(ApplicationFilterChain.java:140)
	at org.springframework.web.filter.CompositeFilter$VirtualFilterChain.doFilter(CompositeFilter.java:108)
	at org.springframework.security.web.FilterChainProxy.lambda$doFilterInternal$3(FilterChainProxy.java:231)
	at org.springframework.security.web.FilterChainProxy$VirtualFilterChain.doFilter(FilterChainProxy.java:365)
	at org.springframework.security.web.access.intercept.AuthorizationFilter.doFilter(AuthorizationFilter.java:101)
	at org.springframework.security.web.FilterChainProxy$VirtualFilterChain.doFilter(FilterChainProxy.java:374)
	at org.springframework.security.web.access.ExceptionTranslationFilter.doFilter(ExceptionTranslationFilter.java:126)
	at org.springframework.security.web.access.ExceptionTranslationFilter.doFilter(ExceptionTranslationFilter.java:120)
	at org.springframework.security.web.FilterChainProxy$VirtualFilterChain.doFilter(FilterChainProxy.java:374)
	at org.springframework.security.web.session.SessionManagementFilter.doFilter(SessionManagementFilter.java:131)
	at org.springframework.security.web.session.SessionManagementFilter.doFilter(SessionManagementFilter.java:85)
	at org.springframework.security.web.FilterChainProxy$VirtualFilterChain.doFilter(FilterChainProxy.java:374)
	at org.springframework.security.web.authentication.AnonymousAuthenticationFilter.doFilter(AnonymousAuthenticationFilter.java:100)
	at org.springframework.security.web.FilterChainProxy$VirtualFilterChain.doFilter(FilterChainProxy.java:374)
	at org.springframework.security.web.authentication.rememberme.RememberMeAuthenticationFilter.doFilter(RememberMeAuthenticationFilter.java:114)
	at org.springframework.security.web.authentication.rememberme.RememberMeAuthenticationFilter.doFilter(RememberMeAuthenticationFilter.java:105)
	at org.springframework.security.web.FilterChainProxy$VirtualFilterChain.doFilter(FilterChainProxy.java:374)
	at org.springframework.security.web.servletapi.SecurityContextHolderAwareRequestFilter.doFilter(SecurityContextHolderAwareRequestFilter.java:179)
	at org.springframework.security.web.FilterChainProxy$VirtualFilterChain.doFilter(FilterChainProxy.java:374)
	at org.springframework.security.web.savedrequest.RequestCacheAwareFilter.doFilter(RequestCacheAwareFilter.java:63)
	at org.springframework.security.web.FilterChainProxy$VirtualFilterChain.doFilter(FilterChainProxy.java:374)
	at org.springframework.security.web.authentication.logout.LogoutFilter.doFilter(LogoutFilter.java:107)
	at org.springframework.security.web.authentication.logout.LogoutFilter.doFilter(LogoutFilter.java:93)
	at org.springframework.security.web.FilterChainProxy$VirtualFilterChain.doFilter(FilterChainProxy.java:374)
	at com.unibuc.management.config.SecurityConfig.lambda$securityFilterChain$13(SecurityConfig.java:133)
	at org.springframework.security.web.FilterChainProxy$VirtualFilterChain.doFilter(FilterChainProxy.java:374)
	at org.springframework.security.web.csrf.CsrfFilter.doFilterInternal(CsrfFilter.java:117)
	at org.springframework.web.filter.OncePerRequestFilter.doFilter(OncePerRequestFilter.java:116)
	at org.springframework.security.web.FilterChainProxy$VirtualFilterChain.doFilter(FilterChainProxy.java:374)
	at org.springframework.web.filter.CorsFilter.doFilterInternal(CorsFilter.java:91)
	at org.springframework.web.filter.OncePerRequestFilter.doFilter(OncePerRequestFilter.java:116)
	at org.springframework.security.web.FilterChainProxy$VirtualFilterChain.doFilter(FilterChainProxy.java:374)
	at org.springframework.security.web.header.HeaderWriterFilter.doHeadersAfter(HeaderWriterFilter.java:90)
	at org.springframework.security.web.header.HeaderWriterFilter.doFilterInternal(HeaderWriterFilter.java:75)
	at org.springframework.web.filter.OncePerRequestFilter.doFilter(OncePerRequestFilter.java:116)
	at org.springframework.security.web.FilterChainProxy$VirtualFilterChain.doFilter(FilterChainProxy.java:374)
	at org.springframework.security.web.context.SecurityContextHolderFilter.doFilter(SecurityContextHolderFilter.java:82)
	at org.springframework.security.web.context.SecurityContextHolderFilter.doFilter(SecurityContextHolderFilter.java:69)
	at org.springframework.security.web.FilterChainProxy$VirtualFilterChain.doFilter(FilterChainProxy.java:374)
	at org.springframework.security.web.context.request.async.WebAsyncManagerIntegrationFilter.doFilterInternal(WebAsyncManagerIntegrationFilter.java:62)
	at org.springframework.web.filter.OncePerRequestFilter.doFilter(OncePerRequestFilter.java:116)
	at org.springframework.security.web.FilterChainProxy$VirtualFilterChain.doFilter(FilterChainProxy.java:374)
	at org.springframework.security.web.session.DisableEncodeUrlFilter.doFilterInternal(DisableEncodeUrlFilter.java:42)
	at org.springframework.web.filter.OncePerRequestFilter.doFilter(OncePerRequestFilter.java:116)
	at org.springframework.security.web.FilterChainProxy$VirtualFilterChain.doFilter(FilterChainProxy.java:374)
	at org.springframework.security.web.FilterChainProxy.doFilterInternal(FilterChainProxy.java:233)
	at org.springframework.security.web.FilterChainProxy.doFilter(FilterChainProxy.java:191)
	at org.springframework.web.filter.CompositeFilter$VirtualFilterChain.doFilter(CompositeFilter.java:113)
	at org.springframework.web.servlet.handler.HandlerMappingIntrospector.lambda$createCacheFilter$3(HandlerMappingIntrospector.java:243)
	at org.springframework.web.filter.CompositeFilter$VirtualFilterChain.doFilter(CompositeFilter.java:113)
	at org.springframework.web.filter.CompositeFilter.doFilter(CompositeFilter.java:74)
	at org.springframework.security.config.annotation.web.configuration.WebMvcSecurityConfiguration$CompositeFilterChainProxy.doFilter(WebMvcSecurityConfiguration.java:238)
	at org.springframework.web.filter.DelegatingFilterProxy.invokeDelegate(DelegatingFilterProxy.java:362)
	at org.springframework.web.filter.DelegatingFilterProxy.doFilter(DelegatingFilterProxy.java:278)
	at org.apache.catalina.core.ApplicationFilterChain.internalDoFilter(ApplicationFilterChain.java:164)
	at org.apache.catalina.core.ApplicationFilterChain.doFilter(ApplicationFilterChain.java:140)
	at org.springframework.web.filter.RequestContextFilter.doFilterInternal(RequestContextFilter.java:100)
	at org.springframework.web.filter.OncePerRequestFilter.doFilter(OncePerRequestFilter.java:116)
	at org.apache.catalina.core.ApplicationFilterChain.internalDoFilter(ApplicationFilterChain.java:164)
	at org.apache.catalina.core.ApplicationFilterChain.doFilter(ApplicationFilterChain.java:140)
	at org.springframework.web.filter.FormContentFilter.doFilterInternal(FormContentFilter.java:93)
	at org.springframework.web.filter.OncePerRequestFilter.doFilter(OncePerRequestFilter.java:116)
	at org.apache.catalina.core.ApplicationFilterChain.internalDoFilter(ApplicationFilterChain.java:164)
	at org.apache.catalina.core.ApplicationFilterChain.doFilter(ApplicationFilterChain.java:140)
	at org.springframework.web.filter.CharacterEncodingFilter.doFilterInternal(CharacterEncodingFilter.java:201)
	at org.springframework.web.filter.OncePerRequestFilter.doFilter(OncePerRequestFilter.java:116)
	at org.apache.catalina.core.ApplicationFilterChain.internalDoFilter(ApplicationFilterChain.java:164)
	at org.apache.catalina.core.ApplicationFilterChain.doFilter(ApplicationFilterChain.java:140)
	at org.apache.catalina.core.StandardWrapperValve.invoke(StandardWrapperValve.java:167)
	at org.apache.catalina.core.StandardContextValve.invoke(StandardContextValve.java:90)
	at org.apache.catalina.authenticator.AuthenticatorBase.invoke(AuthenticatorBase.java:483)
	at org.apache.catalina.core.StandardHostValve.invoke(StandardHostValve.java:115)
	at org.apache.catalina.valves.ErrorReportValve.invoke(ErrorReportValve.java:93)
	at org.apache.catalina.core.StandardEngineValve.invoke(StandardEngineValve.java:74)
	at org.apache.catalina.connector.CoyoteAdapter.service(CoyoteAdapter.java:344)
	at org.apache.coyote.http11.Http11Processor.service(Http11Processor.java:397)
	at org.apache.coyote.AbstractProcessorLight.process(AbstractProcessorLight.java:63)
	at org.apache.coyote.AbstractProtocol$ConnectionHandler.process(AbstractProtocol.java:905)
	at org.apache.tomcat.util.net.NioEndpoint$SocketProcessor.doRun(NioEndpoint.java:1741)
	at org.apache.tomcat.util.net.SocketProcessorBase.run(SocketProcessorBase.java:52)
	at org.apache.tomcat.util.threads.ThreadPoolExecutor.runWorker(ThreadPoolExecutor.java:1190)
	at org.apache.tomcat.util.threads.ThreadPoolExecutor$Worker.run(ThreadPoolExecutor.java:659)
	at org.apache.tomcat.util.threads.TaskThread$WrappingRunnable.run(TaskThread.java:63)
	at java.base/java.lang.Thread.run(Thread.java:833)
Caused by: java.lang.NumberFormatException: For input string: "undefined"
	at java.base/java.lang.NumberFormatException.forInputString(NumberFormatException.java:67)
	at java.base/java.lang.Integer.parseInt(Integer.java:668)
	at java.base/java.lang.Integer.valueOf(Integer.java:999)
	at org.springframework.util.NumberUtils.parseNumber(NumberUtils.java:201)
	at org.springframework.beans.propertyeditors.CustomNumberEditor.setAsText(CustomNumberEditor.java:115)
	at org.springframework.beans.TypeConverterDelegate.doConvertTextValue(TypeConverterDelegate.java:439)
	at org.springframework.beans.TypeConverterDelegate.doConvertValue(TypeConverterDelegate.java:412)
	at org.springframework.beans.TypeConverterDelegate.convertIfNecessary(TypeConverterDelegate.java:161)
	at org.springframework.beans.TypeConverterSupport.convertIfNecessary(TypeConverterSupport.java:80)
	at org.springframework.beans.TypeConverterSupport.convertIfNecessary(TypeConverterSupport.java:53)
	at org.springframework.validation.DataBinder.convertIfNecessary(DataBinder.java:866)
	at org.springframework.web.method.annotation.AbstractNamedValueMethodArgumentResolver.convertIfNecessary(AbstractNamedValueMethodArgumentResolver.java:293)
	... 103 common frames omitted
2026-06-12 00:01:47 [http-nio-8080-exec-9] INFO  c.u.management.aspects.LoggingAspect - AOP-LOG [SUCCESS]: Metoda MedicalServiceService.getAllServices() s-a finalizat cu succes. Rezultat returnat: [com.unibuc.management.entities.MedicalService@2267f9eb, com.unibuc.management.entities.MedicalService@257f3b13, com.unibuc.management.entities.MedicalService@2e792c91]
2026-06-12 00:01:47 [http-nio-8080-exec-4] DEBUG o.s.security.web.FilterChainProxy - Securing GET /api/medical-services
2026-06-12 00:01:47 [http-nio-8080-exec-4] DEBUG o.s.s.w.c.HttpSessionSecurityContextRepository - Retrieved SecurityContextImpl [Authentication=UsernamePasswordAuthenticationToken [Principal=com.unibuc.management.security.CustomUserDetails [Username=Ioan Popescu, Password=[PROTECTED], Enabled=true, AccountNonExpired=true, CredentialsNonExpired=true, AccountNonLocked=true, Granted Authorities=[ROLE_PATIENT]], Credentials=[PROTECTED], Authenticated=true, Details=null, Granted Authorities=[ROLE_PATIENT]]]
2026-06-12 00:01:47 [http-nio-8080-exec-4] DEBUG o.s.s.w.a.r.RememberMeAuthenticationFilter - SecurityContextHolder not populated with remember-me token, as it already contained: 'UsernamePasswordAuthenticationToken [Principal=com.unibuc.management.security.CustomUserDetails [Username=Ioan Popescu, Password=[PROTECTED], Enabled=true, AccountNonExpired=true, CredentialsNonExpired=true, AccountNonLocked=true, Granted Authorities=[ROLE_PATIENT]], Credentials=[PROTECTED], Authenticated=true, Details=null, Granted Authorities=[ROLE_PATIENT]]'
2026-06-12 00:01:47 [http-nio-8080-exec-4] DEBUG o.s.security.web.FilterChainProxy - Secured GET /api/medical-services
2026-06-12 00:01:47 [http-nio-8080-exec-4] INFO  c.u.management.aspects.LoggingAspect - AOP-LOG [START]: Se execută metoda MedicalServiceService.getAllServices() cu argumentele: []
2026-06-12 00:01:47 [http-nio-8080-exec-4] DEBUG c.u.m.services.MedicalServiceService - Se preia lista completă a serviciilor medicale.
2026-06-12 00:01:47 [http-nio-8080-exec-4] INFO  c.u.management.aspects.LoggingAspect - AOP-LOG [SUCCESS]: Metoda MedicalServiceService.getAllServices() s-a finalizat cu succes. Rezultat returnat: [com.unibuc.management.entities.MedicalService@202e6ce0, com.unibuc.management.entities.MedicalService@29f19481, com.unibuc.management.entities.MedicalService@3a9277a8]
2026-06-12 00:08:40 [http-nio-8080-exec-3] DEBUG o.s.security.web.FilterChainProxy - Securing POST /auth/logout
2026-06-12 00:08:40 [http-nio-8080-exec-3] DEBUG o.s.s.w.c.HttpSessionSecurityContextRepository - Retrieved SecurityContextImpl [Authentication=UsernamePasswordAuthenticationToken [Principal=com.unibuc.management.security.CustomUserDetails [Username=Ioan Popescu, Password=[PROTECTED], Enabled=true, AccountNonExpired=true, CredentialsNonExpired=true, AccountNonLocked=true, Granted Authorities=[ROLE_PATIENT]], Credentials=[PROTECTED], Authenticated=true, Details=null, Granted Authorities=[ROLE_PATIENT]]]
2026-06-12 00:08:40 [http-nio-8080-exec-3] DEBUG o.s.s.w.a.logout.LogoutFilter - Logging out [UsernamePasswordAuthenticationToken [Principal=com.unibuc.management.security.CustomUserDetails [Username=Ioan Popescu, Password=[PROTECTED], Enabled=true, AccountNonExpired=true, CredentialsNonExpired=true, AccountNonLocked=true, Granted Authorities=[ROLE_PATIENT]], Credentials=[PROTECTED], Authenticated=true, Details=null, Granted Authorities=[ROLE_PATIENT]]]
2026-06-12 00:08:40 [http-nio-8080-exec-3] DEBUG o.s.s.w.a.r.TokenBasedRememberMeServices - Logout of user Ioan Popescu
2026-06-12 00:08:40 [http-nio-8080-exec-3] DEBUG o.s.s.w.a.r.TokenBasedRememberMeServices - Cancelling cookie
2026-06-12 00:08:40 [http-nio-8080-exec-3] DEBUG o.s.s.w.a.l.SecurityContextLogoutHandler - Invalidated session 86D32FA464AE6F346E189CE040CB4D82
2026-06-12 00:08:56 [http-nio-8080-exec-6] DEBUG o.s.security.web.FilterChainProxy - Securing POST /auth/login
2026-06-12 00:08:56 [http-nio-8080-exec-6] DEBUG o.s.s.w.a.AnonymousAuthenticationFilter - Set SecurityContextHolder to anonymous SecurityContext
2026-06-12 00:08:56 [http-nio-8080-exec-6] DEBUG o.s.security.web.FilterChainProxy - Secured POST /auth/login
2026-06-12 00:08:56 [http-nio-8080-exec-6] DEBUG o.s.s.a.d.DaoAuthenticationProvider - Authenticated user
2026-06-12 00:08:56 [http-nio-8080-exec-6] INFO  c.u.management.aspects.LoggingAspect - AOP-LOG [START]: Se execută metoda PatientService.getPatientByUsername() cu argumentele: [Ioan Popescu]
2026-06-12 00:08:56 [http-nio-8080-exec-6] DEBUG c.u.m.services.PatientService - Căutare pacient după username-ul de autentificare: Ioan Popescu
2026-06-12 00:08:56 [http-nio-8080-exec-6] INFO  c.u.management.aspects.LoggingAspect - AOP-LOG [SUCCESS]: Metoda PatientService.getPatientByUsername() s-a finalizat cu succes. Rezultat returnat: com.unibuc.management.entities.Patient@71ebcfeb
2026-06-12 00:08:56 [http-nio-8080-exec-6] DEBUG o.s.s.w.c.HttpSessionSecurityContextRepository - Stored SecurityContextImpl [Authentication=UsernamePasswordAuthenticationToken [Principal=com.unibuc.management.security.CustomUserDetails [Username=Ioan Popescu, Password=[PROTECTED], Enabled=true, AccountNonExpired=true, CredentialsNonExpired=true, AccountNonLocked=true, Granted Authorities=[ROLE_PATIENT]], Credentials=[PROTECTED], Authenticated=true, Details=null, Granted Authorities=[ROLE_PATIENT]]] to HttpSession [org.apache.catalina.session.StandardSessionFacade@36c70e0c]
2026-06-12 00:09:04 [SpringApplicationShutdownHook] INFO  o.s.b.w.e.tomcat.GracefulShutdown - Commencing graceful shutdown. Waiting for active requests to complete
2026-06-12 00:09:04 [tomcat-shutdown] INFO  o.s.b.w.e.tomcat.GracefulShutdown - Graceful shutdown complete
2026-06-12 00:09:04 [SpringApplicationShutdownHook] INFO  o.s.o.j.LocalContainerEntityManagerFactoryBean - Closing JPA EntityManagerFactory for persistence unit 'default'
2026-06-12 00:09:04 [SpringApplicationShutdownHook] INFO  com.zaxxer.hikari.HikariDataSource - HikariPool-1 - Shutdown initiated...
2026-06-12 00:09:04 [SpringApplicationShutdownHook] INFO  com.zaxxer.hikari.HikariDataSource - HikariPool-1 - Shutdown completed.
2026-06-12 00:09:10 [main] INFO  c.u.management.ManagementApplication - Starting ManagementApplication using Java 17.0.6 with PID 26580 (D:\JavaWebTechProject-front-end\target\classes started by Ioana in D:\JavaWebTechProject-front-end)
2026-06-12 00:09:10 [main] DEBUG c.u.management.ManagementApplication - Running with Spring Boot v3.4.1, Spring v6.2.1
2026-06-12 00:09:10 [main] INFO  c.u.management.ManagementApplication - The following 1 profile is active: "dev"
2026-06-12 00:09:11 [main] INFO  o.s.d.r.c.RepositoryConfigurationDelegate - Bootstrapping Spring Data JPA repositories in DEFAULT mode.
2026-06-12 00:09:11 [main] INFO  o.s.d.r.c.RepositoryConfigurationDelegate - Finished Spring Data repository scanning in 212 ms. Found 11 JPA repository interfaces.
2026-06-12 00:09:14 [main] INFO  o.s.b.w.e.tomcat.TomcatWebServer - Tomcat initialized with port 8080 (http)
2026-06-12 00:09:14 [main] INFO  o.a.coyote.http11.Http11NioProtocol - Initializing ProtocolHandler ["http-nio-8080"]
2026-06-12 00:09:14 [main] INFO  o.a.catalina.core.StandardService - Starting service [Tomcat]
2026-06-12 00:09:14 [main] INFO  o.a.catalina.core.StandardEngine - Starting Servlet engine: [Apache Tomcat/10.1.34]
2026-06-12 00:09:14 [main] INFO  o.a.c.c.C.[Tomcat].[localhost].[/] - Initializing Spring embedded WebApplicationContext
2026-06-12 00:09:14 [main] INFO  o.s.b.w.s.c.ServletWebServerApplicationContext - Root WebApplicationContext: initialization completed in 4566 ms
2026-06-12 00:09:15 [main] INFO  o.h.jpa.internal.util.LogHelper - HHH000204: Processing PersistenceUnitInfo [name: default]
2026-06-12 00:09:15 [main] INFO  org.hibernate.Version - HHH000412: Hibernate ORM core version 6.6.4.Final
2026-06-12 00:09:15 [main] INFO  o.h.c.i.RegionFactoryInitiator - HHH000026: Second-level cache disabled
2026-06-12 00:09:16 [main] INFO  o.s.o.j.p.SpringPersistenceUnitInfo - No LoadTimeWeaver setup: ignoring JPA class transformer
2026-06-12 00:09:16 [main] INFO  com.zaxxer.hikari.HikariDataSource - HikariPool-1 - Starting...
2026-06-12 00:09:16 [main] INFO  com.zaxxer.hikari.pool.HikariPool - HikariPool-1 - Added connection ConnectionID:1 ClientConnectionId: 56996879-5f02-40a3-b411-904c14688373
2026-06-12 00:09:16 [main] INFO  com.zaxxer.hikari.HikariDataSource - HikariPool-1 - Start completed.
2026-06-12 00:09:16 [main] WARN  org.hibernate.orm.deprecation - HHH90000025: SQLServerDialect does not need to be specified explicitly using 'hibernate.dialect' (remove the property setting and it will be selected by default)
2026-06-12 00:09:16 [main] INFO  o.hibernate.orm.connections.pooling - HHH10001005: Database info:
	Database JDBC URL [Connecting through datasource 'HikariDataSource (HikariPool-1)']
	Database driver: undefined/unknown
	Database version: 16.0
	Autocommit mode: undefined/unknown
	Isolation level: undefined/unknown
	Minimum pool size: undefined/unknown
	Maximum pool size: undefined/unknown
2026-06-12 00:09:19 [main] INFO  o.h.e.t.j.p.i.JtaPlatformInitiator - HHH000489: No JTA platform available (set 'hibernate.transaction.jta.platform' to enable JTA platform integration)
2026-06-12 00:09:19 [main] INFO  o.s.o.j.LocalContainerEntityManagerFactoryBean - Initialized JPA EntityManagerFactory for persistence unit 'default'
2026-06-12 00:09:20 [main] INFO  o.s.d.j.r.query.QueryEnhancerFactory - Hibernate is in classpath; If applicable, HQL parser will be used.
2026-06-12 00:09:23 [main] WARN  o.s.b.a.o.j.JpaBaseConfiguration$JpaWebConfiguration - spring.jpa.open-in-view is enabled by default. Therefore, database queries may be performed during view rendering. Explicitly configure spring.jpa.open-in-view to disable this warning
2026-06-12 00:09:23 [main] WARN  o.s.s.c.a.a.c.InitializeUserDetailsBeanManagerConfigurer$InitializeUserDetailsManagerConfigurer - Found 2 UserDetailsService beans, with names [customUserDetailsService, userDetailsService]. Global Authentication Manager will not use a UserDetailsService for username/password login. Consider publishing a single UserDetailsService bean.
2026-06-12 00:09:23 [main] DEBUG o.s.s.c.a.a.c.AuthenticationConfiguration$DefaultPasswordEncoderAuthenticationManagerBuilder - No authenticationProviders and no parentAuthenticationManager defined. Returning null.
2026-06-12 00:09:24 [main] DEBUG o.s.s.web.DefaultSecurityFilterChain - Will secure any request with filters: DisableEncodeUrlFilter, WebAsyncManagerIntegrationFilter, SecurityContextHolderFilter, HeaderWriterFilter, CorsFilter, CsrfFilter, SecurityConfig$$Lambda$1567/0x00000008016fe9a0, LogoutFilter, RequestCacheAwareFilter, SecurityContextHolderAwareRequestFilter, RememberMeAuthenticationFilter, AnonymousAuthenticationFilter, SessionManagementFilter, ExceptionTranslationFilter, AuthorizationFilter
2026-06-12 00:09:24 [main] INFO  o.s.v.b.OptionalValidatorFactoryBean - Failed to set up a Bean Validation provider: jakarta.validation.NoProviderFoundException: Unable to create a Configuration, because no Jakarta Bean Validation provider could be found. Add a provider like Hibernate Validator (RI) to your classpath.
2026-06-12 00:09:24 [main] WARN  o.s.b.a.t.ThymeleafAutoConfiguration$DefaultTemplateResolverConfiguration - Cannot find template location: classpath:/templates/ (please add some templates, check your Thymeleaf configuration, or set spring.thymeleaf.check-template-location=false)
2026-06-12 00:09:25 [main] INFO  o.a.coyote.http11.Http11NioProtocol - Starting ProtocolHandler ["http-nio-8080"]
2026-06-12 00:09:25 [main] INFO  o.s.b.w.e.tomcat.TomcatWebServer - Tomcat started on port 8080 (http) with context path '/'
2026-06-12 00:09:25 [main] INFO  c.u.management.ManagementApplication - Started ManagementApplication in 16.232 seconds (process running for 17.06)
2026-06-12 00:09:51 [http-nio-8080-exec-1] INFO  o.a.c.c.C.[Tomcat].[localhost].[/] - Initializing Spring DispatcherServlet 'dispatcherServlet'
2026-06-12 00:09:51 [http-nio-8080-exec-1] INFO  o.s.web.servlet.DispatcherServlet - Initializing Servlet 'dispatcherServlet'
2026-06-12 00:09:51 [http-nio-8080-exec-1] INFO  o.s.web.servlet.DispatcherServlet - Completed initialization in 2 ms
2026-06-12 00:09:51 [http-nio-8080-exec-1] DEBUG o.s.security.web.FilterChainProxy - Securing POST /auth/login
2026-06-12 00:09:51 [http-nio-8080-exec-1] DEBUG o.s.s.w.a.AnonymousAuthenticationFilter - Set SecurityContextHolder to anonymous SecurityContext
2026-06-12 00:09:51 [http-nio-8080-exec-1] DEBUG o.s.s.w.s.SessionManagementFilter - Request requested invalid session id 2D37A6564EE79D25A21D305A244AD031
2026-06-12 00:09:51 [http-nio-8080-exec-1] DEBUG o.s.security.web.FilterChainProxy - Secured POST /auth/login
2026-06-12 00:09:52 [http-nio-8080-exec-1] DEBUG o.s.s.a.d.DaoAuthenticationProvider - Authenticated user
2026-06-12 00:09:52 [http-nio-8080-exec-1] INFO  c.u.management.aspects.LoggingAspect - AOP-LOG [START]: Se execută metoda PatientService.getPatientByUsername() cu argumentele: [Ioan Popescu]
2026-06-12 00:09:52 [http-nio-8080-exec-1] DEBUG c.u.m.services.PatientService - Căutare pacient după username-ul de autentificare: Ioan Popescu
2026-06-12 00:09:52 [http-nio-8080-exec-1] INFO  c.u.management.aspects.LoggingAspect - AOP-LOG [SUCCESS]: Metoda PatientService.getPatientByUsername() s-a finalizat cu succes. Rezultat returnat: com.unibuc.management.entities.Patient@186cd0b
2026-06-12 00:09:52 [http-nio-8080-exec-1] DEBUG o.s.s.w.c.HttpSessionSecurityContextRepository - Stored SecurityContextImpl [Authentication=UsernamePasswordAuthenticationToken [Principal=com.unibuc.management.security.CustomUserDetails [Username=Ioan Popescu, Password=[PROTECTED], Enabled=true, AccountNonExpired=true, CredentialsNonExpired=true, AccountNonLocked=true, Granted Authorities=[ROLE_PATIENT]], Credentials=[PROTECTED], Authenticated=true, Details=null, Granted Authorities=[ROLE_PATIENT]]] to HttpSession [org.apache.catalina.session.StandardSessionFacade@35f670f8]
2026-06-12 00:10:09 [http-nio-8080-exec-2] DEBUG o.s.security.web.FilterChainProxy - Securing GET /api/appointments/patient/undefined
2026-06-12 00:10:09 [http-nio-8080-exec-3] DEBUG o.s.security.web.FilterChainProxy - Securing GET /api/medical-services
2026-06-12 00:10:09 [http-nio-8080-exec-2] DEBUG o.s.s.w.c.HttpSessionSecurityContextRepository - Retrieved SecurityContextImpl [Authentication=UsernamePasswordAuthenticationToken [Principal=com.unibuc.management.security.CustomUserDetails [Username=Ioan Popescu, Password=[PROTECTED], Enabled=true, AccountNonExpired=true, CredentialsNonExpired=true, AccountNonLocked=true, Granted Authorities=[ROLE_PATIENT]], Credentials=[PROTECTED], Authenticated=true, Details=null, Granted Authorities=[ROLE_PATIENT]]]
2026-06-12 00:10:09 [http-nio-8080-exec-3] DEBUG o.s.s.w.c.HttpSessionSecurityContextRepository - Retrieved SecurityContextImpl [Authentication=UsernamePasswordAuthenticationToken [Principal=com.unibuc.management.security.CustomUserDetails [Username=Ioan Popescu, Password=[PROTECTED], Enabled=true, AccountNonExpired=true, CredentialsNonExpired=true, AccountNonLocked=true, Granted Authorities=[ROLE_PATIENT]], Credentials=[PROTECTED], Authenticated=true, Details=null, Granted Authorities=[ROLE_PATIENT]]]
2026-06-12 00:10:09 [http-nio-8080-exec-2] DEBUG o.s.s.w.a.r.RememberMeAuthenticationFilter - SecurityContextHolder not populated with remember-me token, as it already contained: 'UsernamePasswordAuthenticationToken [Principal=com.unibuc.management.security.CustomUserDetails [Username=Ioan Popescu, Password=[PROTECTED], Enabled=true, AccountNonExpired=true, CredentialsNonExpired=true, AccountNonLocked=true, Granted Authorities=[ROLE_PATIENT]], Credentials=[PROTECTED], Authenticated=true, Details=null, Granted Authorities=[ROLE_PATIENT]]'
2026-06-12 00:10:09 [http-nio-8080-exec-3] DEBUG o.s.s.w.a.r.RememberMeAuthenticationFilter - SecurityContextHolder not populated with remember-me token, as it already contained: 'UsernamePasswordAuthenticationToken [Principal=com.unibuc.management.security.CustomUserDetails [Username=Ioan Popescu, Password=[PROTECTED], Enabled=true, AccountNonExpired=true, CredentialsNonExpired=true, AccountNonLocked=true, Granted Authorities=[ROLE_PATIENT]], Credentials=[PROTECTED], Authenticated=true, Details=null, Granted Authorities=[ROLE_PATIENT]]'
2026-06-12 00:10:09 [http-nio-8080-exec-3] DEBUG o.s.security.web.FilterChainProxy - Secured GET /api/medical-services
2026-06-12 00:10:09 [http-nio-8080-exec-2] DEBUG o.s.security.web.FilterChainProxy - Secured GET /api/appointments/patient/undefined
2026-06-12 00:10:09 [http-nio-8080-exec-3] INFO  c.u.management.aspects.LoggingAspect - AOP-LOG [START]: Se execută metoda MedicalServiceService.getAllServices() cu argumentele: []
2026-06-12 00:10:09 [http-nio-8080-exec-3] DEBUG c.u.m.services.MedicalServiceService - Se preia lista completă a serviciilor medicale.
2026-06-12 00:10:09 [http-nio-8080-exec-2] ERROR c.u.m.e.GlobalExceptionHandler - Eroare critica neasteptata în aplicație: 
org.springframework.web.method.annotation.MethodArgumentTypeMismatchException: Method parameter 'patientId': Failed to convert value of type 'java.lang.String' to required type 'java.lang.Integer'; For input string: "undefined"
	at org.springframework.web.method.annotation.AbstractNamedValueMethodArgumentResolver.convertIfNecessary(AbstractNamedValueMethodArgumentResolver.java:301)
	at org.springframework.web.method.annotation.AbstractNamedValueMethodArgumentResolver.resolveArgument(AbstractNamedValueMethodArgumentResolver.java:136)
	at org.springframework.web.method.support.HandlerMethodArgumentResolverComposite.resolveArgument(HandlerMethodArgumentResolverComposite.java:122)
	at org.springframework.web.method.support.InvocableHandlerMethod.getMethodArgumentValues(InvocableHandlerMethod.java:226)
	at org.springframework.web.method.support.InvocableHandlerMethod.invokeForRequest(InvocableHandlerMethod.java:180)
	at org.springframework.web.servlet.mvc.method.annotation.ServletInvocableHandlerMethod.invokeAndHandle(ServletInvocableHandlerMethod.java:118)
	at org.springframework.web.servlet.mvc.method.annotation.RequestMappingHandlerAdapter.invokeHandlerMethod(RequestMappingHandlerAdapter.java:986)
	at org.springframework.web.servlet.mvc.method.annotation.RequestMappingHandlerAdapter.handleInternal(RequestMappingHandlerAdapter.java:891)
	at org.springframework.web.servlet.mvc.method.AbstractHandlerMethodAdapter.handle(AbstractHandlerMethodAdapter.java:87)
	at org.springframework.web.servlet.DispatcherServlet.doDispatch(DispatcherServlet.java:1088)
	at org.springframework.web.servlet.DispatcherServlet.doService(DispatcherServlet.java:978)
	at org.springframework.web.servlet.FrameworkServlet.processRequest(FrameworkServlet.java:1014)
	at org.springframework.web.servlet.FrameworkServlet.doGet(FrameworkServlet.java:903)
	at jakarta.servlet.http.HttpServlet.service(HttpServlet.java:564)
	at org.springframework.web.servlet.FrameworkServlet.service(FrameworkServlet.java:885)
	at jakarta.servlet.http.HttpServlet.service(HttpServlet.java:658)
	at org.apache.catalina.core.ApplicationFilterChain.internalDoFilter(ApplicationFilterChain.java:195)
	at org.apache.catalina.core.ApplicationFilterChain.doFilter(ApplicationFilterChain.java:140)
	at org.apache.tomcat.websocket.server.WsFilter.doFilter(WsFilter.java:51)
	at org.apache.catalina.core.ApplicationFilterChain.internalDoFilter(ApplicationFilterChain.java:164)
	at org.apache.catalina.core.ApplicationFilterChain.doFilter(ApplicationFilterChain.java:140)
	at org.springframework.web.filter.CompositeFilter$VirtualFilterChain.doFilter(CompositeFilter.java:108)
	at org.springframework.security.web.FilterChainProxy.lambda$doFilterInternal$3(FilterChainProxy.java:231)
	at org.springframework.security.web.FilterChainProxy$VirtualFilterChain.doFilter(FilterChainProxy.java:365)
	at org.springframework.security.web.access.intercept.AuthorizationFilter.doFilter(AuthorizationFilter.java:101)
	at org.springframework.security.web.FilterChainProxy$VirtualFilterChain.doFilter(FilterChainProxy.java:374)
	at org.springframework.security.web.access.ExceptionTranslationFilter.doFilter(ExceptionTranslationFilter.java:126)
	at org.springframework.security.web.access.ExceptionTranslationFilter.doFilter(ExceptionTranslationFilter.java:120)
	at org.springframework.security.web.FilterChainProxy$VirtualFilterChain.doFilter(FilterChainProxy.java:374)
	at org.springframework.security.web.session.SessionManagementFilter.doFilter(SessionManagementFilter.java:131)
	at org.springframework.security.web.session.SessionManagementFilter.doFilter(SessionManagementFilter.java:85)
	at org.springframework.security.web.FilterChainProxy$VirtualFilterChain.doFilter(FilterChainProxy.java:374)
	at org.springframework.security.web.authentication.AnonymousAuthenticationFilter.doFilter(AnonymousAuthenticationFilter.java:100)
	at org.springframework.security.web.FilterChainProxy$VirtualFilterChain.doFilter(FilterChainProxy.java:374)
	at org.springframework.security.web.authentication.rememberme.RememberMeAuthenticationFilter.doFilter(RememberMeAuthenticationFilter.java:114)
	at org.springframework.security.web.authentication.rememberme.RememberMeAuthenticationFilter.doFilter(RememberMeAuthenticationFilter.java:105)
	at org.springframework.security.web.FilterChainProxy$VirtualFilterChain.doFilter(FilterChainProxy.java:374)
	at org.springframework.security.web.servletapi.SecurityContextHolderAwareRequestFilter.doFilter(SecurityContextHolderAwareRequestFilter.java:179)
	at org.springframework.security.web.FilterChainProxy$VirtualFilterChain.doFilter(FilterChainProxy.java:374)
	at org.springframework.security.web.savedrequest.RequestCacheAwareFilter.doFilter(RequestCacheAwareFilter.java:63)
	at org.springframework.security.web.FilterChainProxy$VirtualFilterChain.doFilter(FilterChainProxy.java:374)
	at org.springframework.security.web.authentication.logout.LogoutFilter.doFilter(LogoutFilter.java:107)
	at org.springframework.security.web.authentication.logout.LogoutFilter.doFilter(LogoutFilter.java:93)
	at org.springframework.security.web.FilterChainProxy$VirtualFilterChain.doFilter(FilterChainProxy.java:374)
	at com.unibuc.management.config.SecurityConfig.lambda$securityFilterChain$13(SecurityConfig.java:133)
	at org.springframework.security.web.FilterChainProxy$VirtualFilterChain.doFilter(FilterChainProxy.java:374)
	at org.springframework.security.web.csrf.CsrfFilter.doFilterInternal(CsrfFilter.java:117)
	at org.springframework.web.filter.OncePerRequestFilter.doFilter(OncePerRequestFilter.java:116)
	at org.springframework.security.web.FilterChainProxy$VirtualFilterChain.doFilter(FilterChainProxy.java:374)
	at org.springframework.web.filter.CorsFilter.doFilterInternal(CorsFilter.java:91)
	at org.springframework.web.filter.OncePerRequestFilter.doFilter(OncePerRequestFilter.java:116)
	at org.springframework.security.web.FilterChainProxy$VirtualFilterChain.doFilter(FilterChainProxy.java:374)
	at org.springframework.security.web.header.HeaderWriterFilter.doHeadersAfter(HeaderWriterFilter.java:90)
	at org.springframework.security.web.header.HeaderWriterFilter.doFilterInternal(HeaderWriterFilter.java:75)
	at org.springframework.web.filter.OncePerRequestFilter.doFilter(OncePerRequestFilter.java:116)
	at org.springframework.security.web.FilterChainProxy$VirtualFilterChain.doFilter(FilterChainProxy.java:374)
	at org.springframework.security.web.context.SecurityContextHolderFilter.doFilter(SecurityContextHolderFilter.java:82)
	at org.springframework.security.web.context.SecurityContextHolderFilter.doFilter(SecurityContextHolderFilter.java:69)
	at org.springframework.security.web.FilterChainProxy$VirtualFilterChain.doFilter(FilterChainProxy.java:374)
	at org.springframework.security.web.context.request.async.WebAsyncManagerIntegrationFilter.doFilterInternal(WebAsyncManagerIntegrationFilter.java:62)
	at org.springframework.web.filter.OncePerRequestFilter.doFilter(OncePerRequestFilter.java:116)
	at org.springframework.security.web.FilterChainProxy$VirtualFilterChain.doFilter(FilterChainProxy.java:374)
	at org.springframework.security.web.session.DisableEncodeUrlFilter.doFilterInternal(DisableEncodeUrlFilter.java:42)
	at org.springframework.web.filter.OncePerRequestFilter.doFilter(OncePerRequestFilter.java:116)
	at org.springframework.security.web.FilterChainProxy$VirtualFilterChain.doFilter(FilterChainProxy.java:374)
	at org.springframework.security.web.FilterChainProxy.doFilterInternal(FilterChainProxy.java:233)
	at org.springframework.security.web.FilterChainProxy.doFilter(FilterChainProxy.java:191)
	at org.springframework.web.filter.CompositeFilter$VirtualFilterChain.doFilter(CompositeFilter.java:113)
	at org.springframework.web.servlet.handler.HandlerMappingIntrospector.lambda$createCacheFilter$3(HandlerMappingIntrospector.java:243)
	at org.springframework.web.filter.CompositeFilter$VirtualFilterChain.doFilter(CompositeFilter.java:113)
	at org.springframework.web.filter.CompositeFilter.doFilter(CompositeFilter.java:74)
	at org.springframework.security.config.annotation.web.configuration.WebMvcSecurityConfiguration$CompositeFilterChainProxy.doFilter(WebMvcSecurityConfiguration.java:238)
	at org.springframework.web.filter.DelegatingFilterProxy.invokeDelegate(DelegatingFilterProxy.java:362)
	at org.springframework.web.filter.DelegatingFilterProxy.doFilter(DelegatingFilterProxy.java:278)
	at org.apache.catalina.core.ApplicationFilterChain.internalDoFilter(ApplicationFilterChain.java:164)
	at org.apache.catalina.core.ApplicationFilterChain.doFilter(ApplicationFilterChain.java:140)
	at org.springframework.web.filter.RequestContextFilter.doFilterInternal(RequestContextFilter.java:100)
	at org.springframework.web.filter.OncePerRequestFilter.doFilter(OncePerRequestFilter.java:116)
	at org.apache.catalina.core.ApplicationFilterChain.internalDoFilter(ApplicationFilterChain.java:164)
	at org.apache.catalina.core.ApplicationFilterChain.doFilter(ApplicationFilterChain.java:140)
	at org.springframework.web.filter.FormContentFilter.doFilterInternal(FormContentFilter.java:93)
	at org.springframework.web.filter.OncePerRequestFilter.doFilter(OncePerRequestFilter.java:116)
	at org.apache.catalina.core.ApplicationFilterChain.internalDoFilter(ApplicationFilterChain.java:164)
	at org.apache.catalina.core.ApplicationFilterChain.doFilter(ApplicationFilterChain.java:140)
	at org.springframework.web.filter.CharacterEncodingFilter.doFilterInternal(CharacterEncodingFilter.java:201)
	at org.springframework.web.filter.OncePerRequestFilter.doFilter(OncePerRequestFilter.java:116)
	at org.apache.catalina.core.ApplicationFilterChain.internalDoFilter(ApplicationFilterChain.java:164)
	at org.apache.catalina.core.ApplicationFilterChain.doFilter(ApplicationFilterChain.java:140)
	at org.apache.catalina.core.StandardWrapperValve.invoke(StandardWrapperValve.java:167)
	at org.apache.catalina.core.StandardContextValve.invoke(StandardContextValve.java:90)
	at org.apache.catalina.authenticator.AuthenticatorBase.invoke(AuthenticatorBase.java:483)
	at org.apache.catalina.core.StandardHostValve.invoke(StandardHostValve.java:115)
	at org.apache.catalina.valves.ErrorReportValve.invoke(ErrorReportValve.java:93)
	at org.apache.catalina.core.StandardEngineValve.invoke(StandardEngineValve.java:74)
	at org.apache.catalina.connector.CoyoteAdapter.service(CoyoteAdapter.java:344)
	at org.apache.coyote.http11.Http11Processor.service(Http11Processor.java:397)
	at org.apache.coyote.AbstractProcessorLight.process(AbstractProcessorLight.java:63)
	at org.apache.coyote.AbstractProtocol$ConnectionHandler.process(AbstractProtocol.java:905)
	at org.apache.tomcat.util.net.NioEndpoint$SocketProcessor.doRun(NioEndpoint.java:1741)
	at org.apache.tomcat.util.net.SocketProcessorBase.run(SocketProcessorBase.java:52)
	at org.apache.tomcat.util.threads.ThreadPoolExecutor.runWorker(ThreadPoolExecutor.java:1190)
	at org.apache.tomcat.util.threads.ThreadPoolExecutor$Worker.run(ThreadPoolExecutor.java:659)
	at org.apache.tomcat.util.threads.TaskThread$WrappingRunnable.run(TaskThread.java:63)
	at java.base/java.lang.Thread.run(Thread.java:833)
Caused by: java.lang.NumberFormatException: For input string: "undefined"
	at java.base/java.lang.NumberFormatException.forInputString(NumberFormatException.java:67)
	at java.base/java.lang.Integer.parseInt(Integer.java:668)
	at java.base/java.lang.Integer.valueOf(Integer.java:999)
	at org.springframework.util.NumberUtils.parseNumber(NumberUtils.java:201)
	at org.springframework.beans.propertyeditors.CustomNumberEditor.setAsText(CustomNumberEditor.java:115)
	at org.springframework.beans.TypeConverterDelegate.doConvertTextValue(TypeConverterDelegate.java:439)
	at org.springframework.beans.TypeConverterDelegate.doConvertValue(TypeConverterDelegate.java:412)
	at org.springframework.beans.TypeConverterDelegate.convertIfNecessary(TypeConverterDelegate.java:161)
	at org.springframework.beans.TypeConverterSupport.convertIfNecessary(TypeConverterSupport.java:80)
	at org.springframework.beans.TypeConverterSupport.convertIfNecessary(TypeConverterSupport.java:53)
	at org.springframework.validation.DataBinder.convertIfNecessary(DataBinder.java:866)
	at org.springframework.web.method.annotation.AbstractNamedValueMethodArgumentResolver.convertIfNecessary(AbstractNamedValueMethodArgumentResolver.java:293)
	... 103 common frames omitted
2026-06-12 00:10:09 [http-nio-8080-exec-3] INFO  c.u.management.aspects.LoggingAspect - AOP-LOG [SUCCESS]: Metoda MedicalServiceService.getAllServices() s-a finalizat cu succes. Rezultat returnat: [com.unibuc.management.entities.MedicalService@3efd98e1, com.unibuc.management.entities.MedicalService@5fec1ce, com.unibuc.management.entities.MedicalService@6d5f45f4]
2026-06-12 00:10:09 [http-nio-8080-exec-4] DEBUG o.s.security.web.FilterChainProxy - Securing GET /api/appointments/patient/undefined
2026-06-12 00:10:09 [http-nio-8080-exec-4] DEBUG o.s.s.w.c.HttpSessionSecurityContextRepository - Retrieved SecurityContextImpl [Authentication=UsernamePasswordAuthenticationToken [Principal=com.unibuc.management.security.CustomUserDetails [Username=Ioan Popescu, Password=[PROTECTED], Enabled=true, AccountNonExpired=true, CredentialsNonExpired=true, AccountNonLocked=true, Granted Authorities=[ROLE_PATIENT]], Credentials=[PROTECTED], Authenticated=true, Details=null, Granted Authorities=[ROLE_PATIENT]]]
2026-06-12 00:10:09 [http-nio-8080-exec-4] DEBUG o.s.s.w.a.r.RememberMeAuthenticationFilter - SecurityContextHolder not populated with remember-me token, as it already contained: 'UsernamePasswordAuthenticationToken [Principal=com.unibuc.management.security.CustomUserDetails [Username=Ioan Popescu, Password=[PROTECTED], Enabled=true, AccountNonExpired=true, CredentialsNonExpired=true, AccountNonLocked=true, Granted Authorities=[ROLE_PATIENT]], Credentials=[PROTECTED], Authenticated=true, Details=null, Granted Authorities=[ROLE_PATIENT]]'
2026-06-12 00:10:09 [http-nio-8080-exec-4] DEBUG o.s.security.web.FilterChainProxy - Secured GET /api/appointments/patient/undefined
2026-06-12 00:10:09 [http-nio-8080-exec-4] ERROR c.u.m.e.GlobalExceptionHandler - Eroare critica neasteptata în aplicație: 
org.springframework.web.method.annotation.MethodArgumentTypeMismatchException: Method parameter 'patientId': Failed to convert value of type 'java.lang.String' to required type 'java.lang.Integer'; For input string: "undefined"
	at org.springframework.web.method.annotation.AbstractNamedValueMethodArgumentResolver.convertIfNecessary(AbstractNamedValueMethodArgumentResolver.java:301)
	at org.springframework.web.method.annotation.AbstractNamedValueMethodArgumentResolver.resolveArgument(AbstractNamedValueMethodArgumentResolver.java:136)
	at org.springframework.web.method.support.HandlerMethodArgumentResolverComposite.resolveArgument(HandlerMethodArgumentResolverComposite.java:122)
	at org.springframework.web.method.support.InvocableHandlerMethod.getMethodArgumentValues(InvocableHandlerMethod.java:226)
	at org.springframework.web.method.support.InvocableHandlerMethod.invokeForRequest(InvocableHandlerMethod.java:180)
	at org.springframework.web.servlet.mvc.method.annotation.ServletInvocableHandlerMethod.invokeAndHandle(ServletInvocableHandlerMethod.java:118)
	at org.springframework.web.servlet.mvc.method.annotation.RequestMappingHandlerAdapter.invokeHandlerMethod(RequestMappingHandlerAdapter.java:986)
	at org.springframework.web.servlet.mvc.method.annotation.RequestMappingHandlerAdapter.handleInternal(RequestMappingHandlerAdapter.java:891)
	at org.springframework.web.servlet.mvc.method.AbstractHandlerMethodAdapter.handle(AbstractHandlerMethodAdapter.java:87)
	at org.springframework.web.servlet.DispatcherServlet.doDispatch(DispatcherServlet.java:1088)
	at org.springframework.web.servlet.DispatcherServlet.doService(DispatcherServlet.java:978)
	at org.springframework.web.servlet.FrameworkServlet.processRequest(FrameworkServlet.java:1014)
	at org.springframework.web.servlet.FrameworkServlet.doGet(FrameworkServlet.java:903)
	at jakarta.servlet.http.HttpServlet.service(HttpServlet.java:564)
	at org.springframework.web.servlet.FrameworkServlet.service(FrameworkServlet.java:885)
	at jakarta.servlet.http.HttpServlet.service(HttpServlet.java:658)
	at org.apache.catalina.core.ApplicationFilterChain.internalDoFilter(ApplicationFilterChain.java:195)
	at org.apache.catalina.core.ApplicationFilterChain.doFilter(ApplicationFilterChain.java:140)
	at org.apache.tomcat.websocket.server.WsFilter.doFilter(WsFilter.java:51)
	at org.apache.catalina.core.ApplicationFilterChain.internalDoFilter(ApplicationFilterChain.java:164)
	at org.apache.catalina.core.ApplicationFilterChain.doFilter(ApplicationFilterChain.java:140)
	at org.springframework.web.filter.CompositeFilter$VirtualFilterChain.doFilter(CompositeFilter.java:108)
	at org.springframework.security.web.FilterChainProxy.lambda$doFilterInternal$3(FilterChainProxy.java:231)
	at org.springframework.security.web.FilterChainProxy$VirtualFilterChain.doFilter(FilterChainProxy.java:365)
	at org.springframework.security.web.access.intercept.AuthorizationFilter.doFilter(AuthorizationFilter.java:101)
	at org.springframework.security.web.FilterChainProxy$VirtualFilterChain.doFilter(FilterChainProxy.java:374)
	at org.springframework.security.web.access.ExceptionTranslationFilter.doFilter(ExceptionTranslationFilter.java:126)
	at org.springframework.security.web.access.ExceptionTranslationFilter.doFilter(ExceptionTranslationFilter.java:120)
	at org.springframework.security.web.FilterChainProxy$VirtualFilterChain.doFilter(FilterChainProxy.java:374)
	at org.springframework.security.web.session.SessionManagementFilter.doFilter(SessionManagementFilter.java:131)
	at org.springframework.security.web.session.SessionManagementFilter.doFilter(SessionManagementFilter.java:85)
	at org.springframework.security.web.FilterChainProxy$VirtualFilterChain.doFilter(FilterChainProxy.java:374)
	at org.springframework.security.web.authentication.AnonymousAuthenticationFilter.doFilter(AnonymousAuthenticationFilter.java:100)
	at org.springframework.security.web.FilterChainProxy$VirtualFilterChain.doFilter(FilterChainProxy.java:374)
	at org.springframework.security.web.authentication.rememberme.RememberMeAuthenticationFilter.doFilter(RememberMeAuthenticationFilter.java:114)
	at org.springframework.security.web.authentication.rememberme.RememberMeAuthenticationFilter.doFilter(RememberMeAuthenticationFilter.java:105)
	at org.springframework.security.web.FilterChainProxy$VirtualFilterChain.doFilter(FilterChainProxy.java:374)
	at org.springframework.security.web.servletapi.SecurityContextHolderAwareRequestFilter.doFilter(SecurityContextHolderAwareRequestFilter.java:179)
	at org.springframework.security.web.FilterChainProxy$VirtualFilterChain.doFilter(FilterChainProxy.java:374)
	at org.springframework.security.web.savedrequest.RequestCacheAwareFilter.doFilter(RequestCacheAwareFilter.java:63)
	at org.springframework.security.web.FilterChainProxy$VirtualFilterChain.doFilter(FilterChainProxy.java:374)
	at org.springframework.security.web.authentication.logout.LogoutFilter.doFilter(LogoutFilter.java:107)
	at org.springframework.security.web.authentication.logout.LogoutFilter.doFilter(LogoutFilter.java:93)
	at org.springframework.security.web.FilterChainProxy$VirtualFilterChain.doFilter(FilterChainProxy.java:374)
	at com.unibuc.management.config.SecurityConfig.lambda$securityFilterChain$13(SecurityConfig.java:133)
	at org.springframework.security.web.FilterChainProxy$VirtualFilterChain.doFilter(FilterChainProxy.java:374)
	at org.springframework.security.web.csrf.CsrfFilter.doFilterInternal(CsrfFilter.java:117)
	at org.springframework.web.filter.OncePerRequestFilter.doFilter(OncePerRequestFilter.java:116)
	at org.springframework.security.web.FilterChainProxy$VirtualFilterChain.doFilter(FilterChainProxy.java:374)
	at org.springframework.web.filter.CorsFilter.doFilterInternal(CorsFilter.java:91)
	at org.springframework.web.filter.OncePerRequestFilter.doFilter(OncePerRequestFilter.java:116)
	at org.springframework.security.web.FilterChainProxy$VirtualFilterChain.doFilter(FilterChainProxy.java:374)
	at org.springframework.security.web.header.HeaderWriterFilter.doHeadersAfter(HeaderWriterFilter.java:90)
	at org.springframework.security.web.header.HeaderWriterFilter.doFilterInternal(HeaderWriterFilter.java:75)
	at org.springframework.web.filter.OncePerRequestFilter.doFilter(OncePerRequestFilter.java:116)
	at org.springframework.security.web.FilterChainProxy$VirtualFilterChain.doFilter(FilterChainProxy.java:374)
	at org.springframework.security.web.context.SecurityContextHolderFilter.doFilter(SecurityContextHolderFilter.java:82)
	at org.springframework.security.web.context.SecurityContextHolderFilter.doFilter(SecurityContextHolderFilter.java:69)
	at org.springframework.security.web.FilterChainProxy$VirtualFilterChain.doFilter(FilterChainProxy.java:374)
	at org.springframework.security.web.context.request.async.WebAsyncManagerIntegrationFilter.doFilterInternal(WebAsyncManagerIntegrationFilter.java:62)
	at org.springframework.web.filter.OncePerRequestFilter.doFilter(OncePerRequestFilter.java:116)
	at org.springframework.security.web.FilterChainProxy$VirtualFilterChain.doFilter(FilterChainProxy.java:374)
	at org.springframework.security.web.session.DisableEncodeUrlFilter.doFilterInternal(DisableEncodeUrlFilter.java:42)
	at org.springframework.web.filter.OncePerRequestFilter.doFilter(OncePerRequestFilter.java:116)
	at org.springframework.security.web.FilterChainProxy$VirtualFilterChain.doFilter(FilterChainProxy.java:374)
	at org.springframework.security.web.FilterChainProxy.doFilterInternal(FilterChainProxy.java:233)
	at org.springframework.security.web.FilterChainProxy.doFilter(FilterChainProxy.java:191)
	at org.springframework.web.filter.CompositeFilter$VirtualFilterChain.doFilter(CompositeFilter.java:113)
	at org.springframework.web.servlet.handler.HandlerMappingIntrospector.lambda$createCacheFilter$3(HandlerMappingIntrospector.java:243)
	at org.springframework.web.filter.CompositeFilter$VirtualFilterChain.doFilter(CompositeFilter.java:113)
	at org.springframework.web.filter.CompositeFilter.doFilter(CompositeFilter.java:74)
	at org.springframework.security.config.annotation.web.configuration.WebMvcSecurityConfiguration$CompositeFilterChainProxy.doFilter(WebMvcSecurityConfiguration.java:238)
	at org.springframework.web.filter.DelegatingFilterProxy.invokeDelegate(DelegatingFilterProxy.java:362)
	at org.springframework.web.filter.DelegatingFilterProxy.doFilter(DelegatingFilterProxy.java:278)
	at org.apache.catalina.core.ApplicationFilterChain.internalDoFilter(ApplicationFilterChain.java:164)
	at org.apache.catalina.core.ApplicationFilterChain.doFilter(ApplicationFilterChain.java:140)
	at org.springframework.web.filter.RequestContextFilter.doFilterInternal(RequestContextFilter.java:100)
	at org.springframework.web.filter.OncePerRequestFilter.doFilter(OncePerRequestFilter.java:116)
	at org.apache.catalina.core.ApplicationFilterChain.internalDoFilter(ApplicationFilterChain.java:164)
	at org.apache.catalina.core.ApplicationFilterChain.doFilter(ApplicationFilterChain.java:140)
	at org.springframework.web.filter.FormContentFilter.doFilterInternal(FormContentFilter.java:93)
	at org.springframework.web.filter.OncePerRequestFilter.doFilter(OncePerRequestFilter.java:116)
	at org.apache.catalina.core.ApplicationFilterChain.internalDoFilter(ApplicationFilterChain.java:164)
	at org.apache.catalina.core.ApplicationFilterChain.doFilter(ApplicationFilterChain.java:140)
	at org.springframework.web.filter.CharacterEncodingFilter.doFilterInternal(CharacterEncodingFilter.java:201)
	at org.springframework.web.filter.OncePerRequestFilter.doFilter(OncePerRequestFilter.java:116)
	at org.apache.catalina.core.ApplicationFilterChain.internalDoFilter(ApplicationFilterChain.java:164)
	at org.apache.catalina.core.ApplicationFilterChain.doFilter(ApplicationFilterChain.java:140)
	at org.apache.catalina.core.StandardWrapperValve.invoke(StandardWrapperValve.java:167)
	at org.apache.catalina.core.StandardContextValve.invoke(StandardContextValve.java:90)
	at org.apache.catalina.authenticator.AuthenticatorBase.invoke(AuthenticatorBase.java:483)
	at org.apache.catalina.core.StandardHostValve.invoke(StandardHostValve.java:115)
	at org.apache.catalina.valves.ErrorReportValve.invoke(ErrorReportValve.java:93)
	at org.apache.catalina.core.StandardEngineValve.invoke(StandardEngineValve.java:74)
	at org.apache.catalina.connector.CoyoteAdapter.service(CoyoteAdapter.java:344)
	at org.apache.coyote.http11.Http11Processor.service(Http11Processor.java:397)
	at org.apache.coyote.AbstractProcessorLight.process(AbstractProcessorLight.java:63)
	at org.apache.coyote.AbstractProtocol$ConnectionHandler.process(AbstractProtocol.java:905)
	at org.apache.tomcat.util.net.NioEndpoint$SocketProcessor.doRun(NioEndpoint.java:1741)
	at org.apache.tomcat.util.net.SocketProcessorBase.run(SocketProcessorBase.java:52)
	at org.apache.tomcat.util.threads.ThreadPoolExecutor.runWorker(ThreadPoolExecutor.java:1190)
	at org.apache.tomcat.util.threads.ThreadPoolExecutor$Worker.run(ThreadPoolExecutor.java:659)
	at org.apache.tomcat.util.threads.TaskThread$WrappingRunnable.run(TaskThread.java:63)
	at java.base/java.lang.Thread.run(Thread.java:833)
Caused by: java.lang.NumberFormatException: For input string: "undefined"
	at java.base/java.lang.NumberFormatException.forInputString(NumberFormatException.java:67)
	at java.base/java.lang.Integer.parseInt(Integer.java:668)
	at java.base/java.lang.Integer.valueOf(Integer.java:999)
	at org.springframework.util.NumberUtils.parseNumber(NumberUtils.java:201)
	at org.springframework.beans.propertyeditors.CustomNumberEditor.setAsText(CustomNumberEditor.java:115)
	at org.springframework.beans.TypeConverterDelegate.doConvertTextValue(TypeConverterDelegate.java:439)
	at org.springframework.beans.TypeConverterDelegate.doConvertValue(TypeConverterDelegate.java:412)
	at org.springframework.beans.TypeConverterDelegate.convertIfNecessary(TypeConverterDelegate.java:161)
	at org.springframework.beans.TypeConverterSupport.convertIfNecessary(TypeConverterSupport.java:80)
	at org.springframework.beans.TypeConverterSupport.convertIfNecessary(TypeConverterSupport.java:53)
	at org.springframework.validation.DataBinder.convertIfNecessary(DataBinder.java:866)
	at org.springframework.web.method.annotation.AbstractNamedValueMethodArgumentResolver.convertIfNecessary(AbstractNamedValueMethodArgumentResolver.java:293)
	... 103 common frames omitted
2026-06-12 00:10:10 [http-nio-8080-exec-5] DEBUG o.s.security.web.FilterChainProxy - Securing GET /api/medical-services
2026-06-12 00:10:10 [http-nio-8080-exec-5] DEBUG o.s.s.w.c.HttpSessionSecurityContextRepository - Retrieved SecurityContextImpl [Authentication=UsernamePasswordAuthenticationToken [Principal=com.unibuc.management.security.CustomUserDetails [Username=Ioan Popescu, Password=[PROTECTED], Enabled=true, AccountNonExpired=true, CredentialsNonExpired=true, AccountNonLocked=true, Granted Authorities=[ROLE_PATIENT]], Credentials=[PROTECTED], Authenticated=true, Details=null, Granted Authorities=[ROLE_PATIENT]]]
2026-06-12 00:10:10 [http-nio-8080-exec-5] DEBUG o.s.s.w.a.r.RememberMeAuthenticationFilter - SecurityContextHolder not populated with remember-me token, as it already contained: 'UsernamePasswordAuthenticationToken [Principal=com.unibuc.management.security.CustomUserDetails [Username=Ioan Popescu, Password=[PROTECTED], Enabled=true, AccountNonExpired=true, CredentialsNonExpired=true, AccountNonLocked=true, Granted Authorities=[ROLE_PATIENT]], Credentials=[PROTECTED], Authenticated=true, Details=null, Granted Authorities=[ROLE_PATIENT]]'
2026-06-12 00:10:10 [http-nio-8080-exec-5] DEBUG o.s.security.web.FilterChainProxy - Secured GET /api/medical-services
2026-06-12 00:10:10 [http-nio-8080-exec-5] INFO  c.u.management.aspects.LoggingAspect - AOP-LOG [START]: Se execută metoda MedicalServiceService.getAllServices() cu argumentele: []
2026-06-12 00:10:10 [http-nio-8080-exec-5] DEBUG c.u.m.services.MedicalServiceService - Se preia lista completă a serviciilor medicale.
2026-06-12 00:10:10 [http-nio-8080-exec-5] INFO  c.u.management.aspects.LoggingAspect - AOP-LOG [SUCCESS]: Metoda MedicalServiceService.getAllServices() s-a finalizat cu succes. Rezultat returnat: [com.unibuc.management.entities.MedicalService@497a9da1, com.unibuc.management.entities.MedicalService@60ad29c4, com.unibuc.management.entities.MedicalService@177306e1]
2026-06-12 00:11:18 [SpringApplicationShutdownHook] INFO  o.s.b.w.e.tomcat.GracefulShutdown - Commencing graceful shutdown. Waiting for active requests to complete
2026-06-12 00:11:18 [tomcat-shutdown] INFO  o.s.b.w.e.tomcat.GracefulShutdown - Graceful shutdown complete
2026-06-12 00:11:18 [SpringApplicationShutdownHook] INFO  o.s.o.j.LocalContainerEntityManagerFactoryBean - Closing JPA EntityManagerFactory for persistence unit 'default'
2026-06-12 00:11:18 [SpringApplicationShutdownHook] INFO  com.zaxxer.hikari.HikariDataSource - HikariPool-1 - Shutdown initiated...
2026-06-12 00:11:18 [SpringApplicationShutdownHook] INFO  com.zaxxer.hikari.HikariDataSource - HikariPool-1 - Shutdown completed.
2026-06-12 00:11:25 [main] INFO  c.u.management.ManagementApplication - Starting ManagementApplication using Java 17.0.6 with PID 24132 (D:\JavaWebTechProject-front-end\target\classes started by Ioana in D:\JavaWebTechProject-front-end)
2026-06-12 00:11:25 [main] DEBUG c.u.management.ManagementApplication - Running with Spring Boot v3.4.1, Spring v6.2.1
2026-06-12 00:11:25 [main] INFO  c.u.management.ManagementApplication - The following 1 profile is active: "dev"
2026-06-12 00:11:26 [main] INFO  o.s.d.r.c.RepositoryConfigurationDelegate - Bootstrapping Spring Data JPA repositories in DEFAULT mode.
2026-06-12 00:11:27 [main] INFO  o.s.d.r.c.RepositoryConfigurationDelegate - Finished Spring Data repository scanning in 170 ms. Found 11 JPA repository interfaces.
2026-06-12 00:11:29 [main] INFO  o.s.b.w.e.tomcat.TomcatWebServer - Tomcat initialized with port 8080 (http)
2026-06-12 00:11:29 [main] INFO  o.a.coyote.http11.Http11NioProtocol - Initializing ProtocolHandler ["http-nio-8080"]
2026-06-12 00:11:29 [main] INFO  o.a.catalina.core.StandardService - Starting service [Tomcat]
2026-06-12 00:11:29 [main] INFO  o.a.catalina.core.StandardEngine - Starting Servlet engine: [Apache Tomcat/10.1.34]
2026-06-12 00:11:29 [main] INFO  o.a.c.c.C.[Tomcat].[localhost].[/] - Initializing Spring embedded WebApplicationContext
2026-06-12 00:11:29 [main] INFO  o.s.b.w.s.c.ServletWebServerApplicationContext - Root WebApplicationContext: initialization completed in 4318 ms
2026-06-12 00:11:30 [main] INFO  o.h.jpa.internal.util.LogHelper - HHH000204: Processing PersistenceUnitInfo [name: default]
2026-06-12 00:11:30 [main] INFO  org.hibernate.Version - HHH000412: Hibernate ORM core version 6.6.4.Final
2026-06-12 00:11:30 [main] INFO  o.h.c.i.RegionFactoryInitiator - HHH000026: Second-level cache disabled
2026-06-12 00:11:31 [main] INFO  o.s.o.j.p.SpringPersistenceUnitInfo - No LoadTimeWeaver setup: ignoring JPA class transformer
2026-06-12 00:11:31 [main] INFO  com.zaxxer.hikari.HikariDataSource - HikariPool-1 - Starting...
2026-06-12 00:11:32 [main] INFO  com.zaxxer.hikari.pool.HikariPool - HikariPool-1 - Added connection ConnectionID:1 ClientConnectionId: 1a96c784-bba1-4f36-a9f1-8cecd591c4c6
2026-06-12 00:11:32 [main] INFO  com.zaxxer.hikari.HikariDataSource - HikariPool-1 - Start completed.
2026-06-12 00:11:32 [main] WARN  org.hibernate.orm.deprecation - HHH90000025: SQLServerDialect does not need to be specified explicitly using 'hibernate.dialect' (remove the property setting and it will be selected by default)
2026-06-12 00:11:32 [main] INFO  o.hibernate.orm.connections.pooling - HHH10001005: Database info:
	Database JDBC URL [Connecting through datasource 'HikariDataSource (HikariPool-1)']
	Database driver: undefined/unknown
	Database version: 16.0
	Autocommit mode: undefined/unknown
	Isolation level: undefined/unknown
	Minimum pool size: undefined/unknown
	Maximum pool size: undefined/unknown
2026-06-12 00:11:34 [main] INFO  o.h.e.t.j.p.i.JtaPlatformInitiator - HHH000489: No JTA platform available (set 'hibernate.transaction.jta.platform' to enable JTA platform integration)
2026-06-12 00:11:35 [main] INFO  o.s.o.j.LocalContainerEntityManagerFactoryBean - Initialized JPA EntityManagerFactory for persistence unit 'default'
2026-06-12 00:11:36 [main] INFO  o.s.d.j.r.query.QueryEnhancerFactory - Hibernate is in classpath; If applicable, HQL parser will be used.
2026-06-12 00:11:39 [main] WARN  o.s.b.a.o.j.JpaBaseConfiguration$JpaWebConfiguration - spring.jpa.open-in-view is enabled by default. Therefore, database queries may be performed during view rendering. Explicitly configure spring.jpa.open-in-view to disable this warning
2026-06-12 00:11:39 [main] WARN  o.s.s.c.a.a.c.InitializeUserDetailsBeanManagerConfigurer$InitializeUserDetailsManagerConfigurer - Found 2 UserDetailsService beans, with names [customUserDetailsService, userDetailsService]. Global Authentication Manager will not use a UserDetailsService for username/password login. Consider publishing a single UserDetailsService bean.
2026-06-12 00:11:39 [main] DEBUG o.s.s.c.a.a.c.AuthenticationConfiguration$DefaultPasswordEncoderAuthenticationManagerBuilder - No authenticationProviders and no parentAuthenticationManager defined. Returning null.
2026-06-12 00:11:40 [main] DEBUG o.s.s.web.DefaultSecurityFilterChain - Will secure any request with filters: DisableEncodeUrlFilter, WebAsyncManagerIntegrationFilter, SecurityContextHolderFilter, HeaderWriterFilter, CorsFilter, CsrfFilter, SecurityConfig$$Lambda$1568/0x00000008017069a0, LogoutFilter, RequestCacheAwareFilter, SecurityContextHolderAwareRequestFilter, RememberMeAuthenticationFilter, AnonymousAuthenticationFilter, SessionManagementFilter, ExceptionTranslationFilter, AuthorizationFilter
2026-06-12 00:11:40 [main] INFO  o.s.v.b.OptionalValidatorFactoryBean - Failed to set up a Bean Validation provider: jakarta.validation.NoProviderFoundException: Unable to create a Configuration, because no Jakarta Bean Validation provider could be found. Add a provider like Hibernate Validator (RI) to your classpath.
2026-06-12 00:11:40 [main] WARN  o.s.b.a.t.ThymeleafAutoConfiguration$DefaultTemplateResolverConfiguration - Cannot find template location: classpath:/templates/ (please add some templates, check your Thymeleaf configuration, or set spring.thymeleaf.check-template-location=false)
2026-06-12 00:11:41 [main] INFO  o.a.coyote.http11.Http11NioProtocol - Starting ProtocolHandler ["http-nio-8080"]
2026-06-12 00:11:41 [main] INFO  o.s.b.w.e.tomcat.TomcatWebServer - Tomcat started on port 8080 (http) with context path '/'
2026-06-12 00:11:41 [main] INFO  c.u.management.ManagementApplication - Started ManagementApplication in 17.237 seconds (process running for 18.232)
2026-06-12 00:11:53 [http-nio-8080-exec-1] INFO  o.a.c.c.C.[Tomcat].[localhost].[/] - Initializing Spring DispatcherServlet 'dispatcherServlet'
2026-06-12 00:11:53 [http-nio-8080-exec-1] INFO  o.s.web.servlet.DispatcherServlet - Initializing Servlet 'dispatcherServlet'
2026-06-12 00:11:53 [http-nio-8080-exec-1] INFO  o.s.web.servlet.DispatcherServlet - Completed initialization in 2 ms
2026-06-12 00:11:53 [http-nio-8080-exec-1] DEBUG o.s.security.web.FilterChainProxy - Securing POST /auth/login
2026-06-12 00:11:53 [http-nio-8080-exec-1] DEBUG o.s.s.w.a.AnonymousAuthenticationFilter - Set SecurityContextHolder to anonymous SecurityContext
2026-06-12 00:11:53 [http-nio-8080-exec-1] DEBUG o.s.s.w.s.SessionManagementFilter - Request requested invalid session id CC532D55BBCB964A2459AF980FAEF896
2026-06-12 00:11:53 [http-nio-8080-exec-1] DEBUG o.s.security.web.FilterChainProxy - Secured POST /auth/login
2026-06-12 00:11:53 [http-nio-8080-exec-1] DEBUG o.s.s.a.d.DaoAuthenticationProvider - Authenticated user
2026-06-12 00:11:53 [http-nio-8080-exec-1] INFO  c.u.management.aspects.LoggingAspect - AOP-LOG [START]: Se execută metoda PatientService.getPatientByUsername() cu argumentele: [Ioan Popescu]
2026-06-12 00:11:53 [http-nio-8080-exec-1] DEBUG c.u.m.services.PatientService - Căutare pacient după username-ul de autentificare: Ioan Popescu
2026-06-12 00:11:53 [http-nio-8080-exec-1] INFO  c.u.management.aspects.LoggingAspect - AOP-LOG [SUCCESS]: Metoda PatientService.getPatientByUsername() s-a finalizat cu succes. Rezultat returnat: com.unibuc.management.entities.Patient@209eb370
2026-06-12 00:11:53 [http-nio-8080-exec-1] DEBUG o.s.s.w.c.HttpSessionSecurityContextRepository - Stored SecurityContextImpl [Authentication=UsernamePasswordAuthenticationToken [Principal=com.unibuc.management.security.CustomUserDetails [Username=Ioan Popescu, Password=[PROTECTED], Enabled=true, AccountNonExpired=true, CredentialsNonExpired=true, AccountNonLocked=true, Granted Authorities=[ROLE_PATIENT]], Credentials=[PROTECTED], Authenticated=true, Details=null, Granted Authorities=[ROLE_PATIENT]]] to HttpSession [org.apache.catalina.session.StandardSessionFacade@790b8328]
2026-06-12 00:12:18 [HikariPool-1 housekeeper] WARN  com.zaxxer.hikari.pool.HikariPool - HikariPool-1 - Thread starvation or clock leap detected (housekeeper delta=45s965ms221µs100ns).
2026-06-12 00:12:18 [SpringApplicationShutdownHook] INFO  o.s.b.w.e.tomcat.GracefulShutdown - Commencing graceful shutdown. Waiting for active requests to complete
2026-06-12 00:12:18 [tomcat-shutdown] INFO  o.s.b.w.e.tomcat.GracefulShutdown - Graceful shutdown complete
2026-06-12 00:12:18 [SpringApplicationShutdownHook] INFO  o.s.o.j.LocalContainerEntityManagerFactoryBean - Closing JPA EntityManagerFactory for persistence unit 'default'
2026-06-12 00:12:18 [SpringApplicationShutdownHook] INFO  com.zaxxer.hikari.HikariDataSource - HikariPool-1 - Shutdown initiated...
2026-06-12 00:12:18 [SpringApplicationShutdownHook] INFO  com.zaxxer.hikari.HikariDataSource - HikariPool-1 - Shutdown completed.
2026-06-12 00:12:22 [main] INFO  c.u.management.ManagementApplication - Starting ManagementApplication using Java 17.0.6 with PID 23768 (D:\JavaWebTechProject-front-end\target\classes started by Ioana in D:\JavaWebTechProject-front-end)
2026-06-12 00:12:22 [main] DEBUG c.u.management.ManagementApplication - Running with Spring Boot v3.4.1, Spring v6.2.1
2026-06-12 00:12:22 [main] INFO  c.u.management.ManagementApplication - The following 1 profile is active: "dev"
2026-06-12 00:12:23 [main] INFO  o.s.d.r.c.RepositoryConfigurationDelegate - Bootstrapping Spring Data JPA repositories in DEFAULT mode.
2026-06-12 00:12:24 [main] INFO  o.s.d.r.c.RepositoryConfigurationDelegate - Finished Spring Data repository scanning in 152 ms. Found 11 JPA repository interfaces.
2026-06-12 00:12:25 [main] INFO  o.s.b.w.e.tomcat.TomcatWebServer - Tomcat initialized with port 8080 (http)
2026-06-12 00:12:26 [main] INFO  o.s.b.w.s.c.ServletWebServerApplicationContext - Root WebApplicationContext: initialization completed in 3682 ms
2026-06-12 00:12:31 [main] INFO  c.u.management.ManagementApplication - Starting ManagementApplication using Java 17.0.6 with PID 6820 (D:\JavaWebTechProject-front-end\target\classes started by Ioana in D:\JavaWebTechProject-front-end)
2026-06-12 00:12:31 [main] DEBUG c.u.management.ManagementApplication - Running with Spring Boot v3.4.1, Spring v6.2.1
2026-06-12 00:12:31 [main] INFO  c.u.management.ManagementApplication - The following 1 profile is active: "dev"
2026-06-12 00:12:32 [main] INFO  o.s.d.r.c.RepositoryConfigurationDelegate - Bootstrapping Spring Data JPA repositories in DEFAULT mode.
2026-06-12 00:12:33 [main] INFO  o.s.d.r.c.RepositoryConfigurationDelegate - Finished Spring Data repository scanning in 159 ms. Found 11 JPA repository interfaces.
2026-06-12 00:12:34 [main] INFO  o.s.b.w.e.tomcat.TomcatWebServer - Tomcat initialized with port 8080 (http)
2026-06-12 00:12:34 [main] INFO  o.a.coyote.http11.Http11NioProtocol - Initializing ProtocolHandler ["http-nio-8080"]
2026-06-12 00:12:34 [main] INFO  o.a.catalina.core.StandardService - Starting service [Tomcat]
2026-06-12 00:12:34 [main] INFO  o.a.catalina.core.StandardEngine - Starting Servlet engine: [Apache Tomcat/10.1.34]
2026-06-12 00:12:35 [main] INFO  o.a.c.c.C.[Tomcat].[localhost].[/] - Initializing Spring embedded WebApplicationContext
2026-06-12 00:12:35 [main] INFO  o.s.b.w.s.c.ServletWebServerApplicationContext - Root WebApplicationContext: initialization completed in 3851 ms
2026-06-12 00:12:35 [main] INFO  o.h.jpa.internal.util.LogHelper - HHH000204: Processing PersistenceUnitInfo [name: default]
2026-06-12 00:12:35 [main] INFO  org.hibernate.Version - HHH000412: Hibernate ORM core version 6.6.4.Final
2026-06-12 00:12:35 [main] INFO  o.h.c.i.RegionFactoryInitiator - HHH000026: Second-level cache disabled
2026-06-12 00:12:36 [main] INFO  o.s.o.j.p.SpringPersistenceUnitInfo - No LoadTimeWeaver setup: ignoring JPA class transformer
2026-06-12 00:12:36 [main] INFO  com.zaxxer.hikari.HikariDataSource - HikariPool-1 - Starting...
2026-06-12 00:12:36 [main] INFO  com.zaxxer.hikari.pool.HikariPool - HikariPool-1 - Added connection ConnectionID:1 ClientConnectionId: 414975b5-647b-41bd-9f44-18bf6671defe
2026-06-12 00:12:36 [main] INFO  com.zaxxer.hikari.HikariDataSource - HikariPool-1 - Start completed.
2026-06-12 00:12:36 [main] WARN  org.hibernate.orm.deprecation - HHH90000025: SQLServerDialect does not need to be specified explicitly using 'hibernate.dialect' (remove the property setting and it will be selected by default)
2026-06-12 00:12:36 [main] INFO  o.hibernate.orm.connections.pooling - HHH10001005: Database info:
	Database JDBC URL [Connecting through datasource 'HikariDataSource (HikariPool-1)']
	Database driver: undefined/unknown
	Database version: 16.0
	Autocommit mode: undefined/unknown
	Isolation level: undefined/unknown
	Minimum pool size: undefined/unknown
	Maximum pool size: undefined/unknown
2026-06-12 00:12:39 [main] INFO  o.h.e.t.j.p.i.JtaPlatformInitiator - HHH000489: No JTA platform available (set 'hibernate.transaction.jta.platform' to enable JTA platform integration)
2026-06-12 00:12:40 [main] INFO  o.s.o.j.LocalContainerEntityManagerFactoryBean - Initialized JPA EntityManagerFactory for persistence unit 'default'
2026-06-12 00:12:41 [main] INFO  o.s.d.j.r.query.QueryEnhancerFactory - Hibernate is in classpath; If applicable, HQL parser will be used.
2026-06-12 00:12:44 [main] WARN  o.s.b.a.o.j.JpaBaseConfiguration$JpaWebConfiguration - spring.jpa.open-in-view is enabled by default. Therefore, database queries may be performed during view rendering. Explicitly configure spring.jpa.open-in-view to disable this warning
2026-06-12 00:12:44 [main] WARN  o.s.s.c.a.a.c.InitializeUserDetailsBeanManagerConfigurer$InitializeUserDetailsManagerConfigurer - Found 2 UserDetailsService beans, with names [customUserDetailsService, userDetailsService]. Global Authentication Manager will not use a UserDetailsService for username/password login. Consider publishing a single UserDetailsService bean.
2026-06-12 00:12:44 [main] DEBUG o.s.s.c.a.a.c.AuthenticationConfiguration$DefaultPasswordEncoderAuthenticationManagerBuilder - No authenticationProviders and no parentAuthenticationManager defined. Returning null.
2026-06-12 00:12:45 [main] DEBUG o.s.s.web.DefaultSecurityFilterChain - Will secure any request with filters: DisableEncodeUrlFilter, WebAsyncManagerIntegrationFilter, SecurityContextHolderFilter, HeaderWriterFilter, CorsFilter, CsrfFilter, SecurityConfig$$Lambda$1568/0x0000000801737000, LogoutFilter, RequestCacheAwareFilter, SecurityContextHolderAwareRequestFilter, RememberMeAuthenticationFilter, AnonymousAuthenticationFilter, SessionManagementFilter, ExceptionTranslationFilter, AuthorizationFilter
2026-06-12 00:12:45 [main] INFO  o.s.v.b.OptionalValidatorFactoryBean - Failed to set up a Bean Validation provider: jakarta.validation.NoProviderFoundException: Unable to create a Configuration, because no Jakarta Bean Validation provider could be found. Add a provider like Hibernate Validator (RI) to your classpath.
2026-06-12 00:12:45 [main] WARN  o.s.b.a.t.ThymeleafAutoConfiguration$DefaultTemplateResolverConfiguration - Cannot find template location: classpath:/templates/ (please add some templates, check your Thymeleaf configuration, or set spring.thymeleaf.check-template-location=false)
2026-06-12 00:12:46 [main] INFO  o.a.coyote.http11.Http11NioProtocol - Starting ProtocolHandler ["http-nio-8080"]
2026-06-12 00:12:46 [main] INFO  o.s.b.w.e.tomcat.TomcatWebServer - Tomcat started on port 8080 (http) with context path '/'
2026-06-12 00:12:46 [main] INFO  c.u.management.ManagementApplication - Started ManagementApplication in 16.431 seconds (process running for 17.126)
2026-06-12 00:14:36 [http-nio-8080-exec-1] INFO  o.a.c.c.C.[Tomcat].[localhost].[/] - Initializing Spring DispatcherServlet 'dispatcherServlet'
2026-06-12 00:14:36 [http-nio-8080-exec-1] INFO  o.s.web.servlet.DispatcherServlet - Initializing Servlet 'dispatcherServlet'
2026-06-12 00:14:36 [http-nio-8080-exec-1] INFO  o.s.web.servlet.DispatcherServlet - Completed initialization in 2 ms
2026-06-12 00:14:36 [http-nio-8080-exec-1] DEBUG o.s.security.web.FilterChainProxy - Securing POST /auth/logout
2026-06-12 00:14:36 [http-nio-8080-exec-1] DEBUG o.s.s.w.a.logout.LogoutFilter - Logging out [null]
2026-06-12 00:14:36 [http-nio-8080-exec-1] DEBUG o.s.s.w.a.r.TokenBasedRememberMeServices - Logout of user Unknown
2026-06-12 00:14:36 [http-nio-8080-exec-1] DEBUG o.s.s.w.a.r.TokenBasedRememberMeServices - Cancelling cookie
2026-06-12 00:14:46 [http-nio-8080-exec-2] DEBUG o.s.security.web.FilterChainProxy - Securing POST /auth/login
2026-06-12 00:14:46 [http-nio-8080-exec-2] DEBUG o.s.s.w.a.AnonymousAuthenticationFilter - Set SecurityContextHolder to anonymous SecurityContext
2026-06-12 00:14:46 [http-nio-8080-exec-2] DEBUG o.s.security.web.FilterChainProxy - Secured POST /auth/login
2026-06-12 00:14:47 [http-nio-8080-exec-2] DEBUG o.s.s.a.d.DaoAuthenticationProvider - Authenticated user
2026-06-12 00:14:47 [http-nio-8080-exec-2] INFO  c.u.management.aspects.LoggingAspect - AOP-LOG [START]: Se execută metoda PatientService.getPatientByUsername() cu argumentele: [Ioan Popescu]
2026-06-12 00:14:47 [http-nio-8080-exec-2] DEBUG c.u.m.services.PatientService - Căutare pacient după username-ul de autentificare: Ioan Popescu
2026-06-12 00:14:47 [http-nio-8080-exec-2] INFO  c.u.management.aspects.LoggingAspect - AOP-LOG [SUCCESS]: Metoda PatientService.getPatientByUsername() s-a finalizat cu succes. Rezultat returnat: com.unibuc.management.entities.Patient@656df4ce
2026-06-12 00:14:47 [http-nio-8080-exec-2] DEBUG o.s.s.w.c.HttpSessionSecurityContextRepository - Stored SecurityContextImpl [Authentication=UsernamePasswordAuthenticationToken [Principal=com.unibuc.management.security.CustomUserDetails [Username=Ioan Popescu, Password=[PROTECTED], Enabled=true, AccountNonExpired=true, CredentialsNonExpired=true, AccountNonLocked=true, Granted Authorities=[ROLE_PATIENT]], Credentials=[PROTECTED], Authenticated=true, Details=null, Granted Authorities=[ROLE_PATIENT]]] to HttpSession [org.apache.catalina.session.StandardSessionFacade@691e3024]
2026-06-12 00:14:47 [http-nio-8080-exec-3] DEBUG o.s.security.web.FilterChainProxy - Securing GET /api/appointments/patient/1
2026-06-12 00:14:47 [http-nio-8080-exec-3] DEBUG o.s.s.w.c.HttpSessionSecurityContextRepository - Retrieved SecurityContextImpl [Authentication=UsernamePasswordAuthenticationToken [Principal=com.unibuc.management.security.CustomUserDetails [Username=Ioan Popescu, Password=[PROTECTED], Enabled=true, AccountNonExpired=true, CredentialsNonExpired=true, AccountNonLocked=true, Granted Authorities=[ROLE_PATIENT]], Credentials=[PROTECTED], Authenticated=true, Details=null, Granted Authorities=[ROLE_PATIENT]]]
2026-06-12 00:14:47 [http-nio-8080-exec-3] DEBUG o.s.s.w.a.r.RememberMeAuthenticationFilter - SecurityContextHolder not populated with remember-me token, as it already contained: 'UsernamePasswordAuthenticationToken [Principal=com.unibuc.management.security.CustomUserDetails [Username=Ioan Popescu, Password=[PROTECTED], Enabled=true, AccountNonExpired=true, CredentialsNonExpired=true, AccountNonLocked=true, Granted Authorities=[ROLE_PATIENT]], Credentials=[PROTECTED], Authenticated=true, Details=null, Granted Authorities=[ROLE_PATIENT]]'
2026-06-12 00:14:47 [http-nio-8080-exec-4] DEBUG o.s.security.web.FilterChainProxy - Securing GET /api/medical-services
2026-06-12 00:14:47 [http-nio-8080-exec-3] DEBUG o.s.security.web.FilterChainProxy - Secured GET /api/appointments/patient/1
2026-06-12 00:14:47 [http-nio-8080-exec-4] DEBUG o.s.s.w.c.HttpSessionSecurityContextRepository - Retrieved SecurityContextImpl [Authentication=UsernamePasswordAuthenticationToken [Principal=com.unibuc.management.security.CustomUserDetails [Username=Ioan Popescu, Password=[PROTECTED], Enabled=true, AccountNonExpired=true, CredentialsNonExpired=true, AccountNonLocked=true, Granted Authorities=[ROLE_PATIENT]], Credentials=[PROTECTED], Authenticated=true, Details=null, Granted Authorities=[ROLE_PATIENT]]]
2026-06-12 00:14:47 [http-nio-8080-exec-4] DEBUG o.s.s.w.a.r.RememberMeAuthenticationFilter - SecurityContextHolder not populated with remember-me token, as it already contained: 'UsernamePasswordAuthenticationToken [Principal=com.unibuc.management.security.CustomUserDetails [Username=Ioan Popescu, Password=[PROTECTED], Enabled=true, AccountNonExpired=true, CredentialsNonExpired=true, AccountNonLocked=true, Granted Authorities=[ROLE_PATIENT]], Credentials=[PROTECTED], Authenticated=true, Details=null, Granted Authorities=[ROLE_PATIENT]]'
2026-06-12 00:14:47 [http-nio-8080-exec-4] DEBUG o.s.security.web.FilterChainProxy - Secured GET /api/medical-services
2026-06-12 00:14:47 [http-nio-8080-exec-4] INFO  c.u.management.aspects.LoggingAspect - AOP-LOG [START]: Se execută metoda MedicalServiceService.getAllServices() cu argumentele: []
2026-06-12 00:14:47 [http-nio-8080-exec-4] DEBUG c.u.m.services.MedicalServiceService - Se preia lista completă a serviciilor medicale.
2026-06-12 00:14:47 [http-nio-8080-exec-3] DEBUG o.s.s.a.m.AuthorizationManagerBeforeMethodInterceptor - Authorizing method invocation ReflectiveMethodInvocation: public org.springframework.http.ResponseEntity com.unibuc.management.controllers.AppointmentController.getAppointmentsByPatientId(java.lang.Integer,int,int,java.lang.String[]); target is of class [com.unibuc.management.controllers.AppointmentController]
2026-06-12 00:14:47 [http-nio-8080-exec-4] INFO  c.u.management.aspects.LoggingAspect - AOP-LOG [SUCCESS]: Metoda MedicalServiceService.getAllServices() s-a finalizat cu succes. Rezultat returnat: [com.unibuc.management.entities.MedicalService@1f803e9, com.unibuc.management.entities.MedicalService@1e103138, com.unibuc.management.entities.MedicalService@3afe2e3f]
2026-06-12 00:14:47 [http-nio-8080-exec-3] DEBUG o.s.s.a.m.AuthorizationManagerBeforeMethodInterceptor - Authorized method invocation ReflectiveMethodInvocation: public org.springframework.http.ResponseEntity com.unibuc.management.controllers.AppointmentController.getAppointmentsByPatientId(java.lang.Integer,int,int,java.lang.String[]); target is of class [com.unibuc.management.controllers.AppointmentController]
2026-06-12 00:14:47 [http-nio-8080-exec-3] INFO  c.u.management.aspects.LoggingAspect - AOP-LOG [START]: Se execută metoda PatientService.getPatientByUsername() cu argumentele: [Ioan Popescu]
2026-06-12 00:14:47 [http-nio-8080-exec-3] DEBUG c.u.m.services.PatientService - Căutare pacient după username-ul de autentificare: Ioan Popescu
2026-06-12 00:14:47 [http-nio-8080-exec-3] INFO  c.u.management.aspects.LoggingAspect - AOP-LOG [SUCCESS]: Metoda PatientService.getPatientByUsername() s-a finalizat cu succes. Rezultat returnat: com.unibuc.management.entities.Patient@6909015d
2026-06-12 00:14:47 [http-nio-8080-exec-3] INFO  c.u.management.aspects.LoggingAspect - AOP-LOG [START]: Se execută metoda AppointmentService.getAppointmentsByPatientIdPaged() cu argumentele: [1, Page request [number: 0, size 10, sort: appointmentFrom: ASC]]
2026-06-12 00:14:47 [http-nio-8080-exec-3] DEBUG c.u.m.services.AppointmentService - Preluare paginată a programărilor pentru pacientul ID: 1
2026-06-12 00:14:47 [http-nio-8080-exec-6] DEBUG o.s.security.web.FilterChainProxy - Securing GET /api/medical-services
2026-06-12 00:14:47 [http-nio-8080-exec-6] DEBUG o.s.s.w.c.HttpSessionSecurityContextRepository - Retrieved SecurityContextImpl [Authentication=UsernamePasswordAuthenticationToken [Principal=com.unibuc.management.security.CustomUserDetails [Username=Ioan Popescu, Password=[PROTECTED], Enabled=true, AccountNonExpired=true, CredentialsNonExpired=true, AccountNonLocked=true, Granted Authorities=[ROLE_PATIENT]], Credentials=[PROTECTED], Authenticated=true, Details=null, Granted Authorities=[ROLE_PATIENT]]]
2026-06-12 00:14:47 [http-nio-8080-exec-3] INFO  c.u.management.aspects.LoggingAspect - AOP-LOG [SUCCESS]: Metoda AppointmentService.getAppointmentsByPatientIdPaged() s-a finalizat cu succes. Rezultat returnat: Page 1 of 1 containing com.unibuc.management.entities.Appointment instances
2026-06-12 00:14:47 [http-nio-8080-exec-6] DEBUG o.s.s.w.a.r.RememberMeAuthenticationFilter - SecurityContextHolder not populated with remember-me token, as it already contained: 'UsernamePasswordAuthenticationToken [Principal=com.unibuc.management.security.CustomUserDetails [Username=Ioan Popescu, Password=[PROTECTED], Enabled=true, AccountNonExpired=true, CredentialsNonExpired=true, AccountNonLocked=true, Granted Authorities=[ROLE_PATIENT]], Credentials=[PROTECTED], Authenticated=true, Details=null, Granted Authorities=[ROLE_PATIENT]]'
2026-06-12 00:14:47 [http-nio-8080-exec-6] DEBUG o.s.security.web.FilterChainProxy - Secured GET /api/medical-services
2026-06-12 00:14:47 [http-nio-8080-exec-6] INFO  c.u.management.aspects.LoggingAspect - AOP-LOG [START]: Se execută metoda MedicalServiceService.getAllServices() cu argumentele: []
2026-06-12 00:14:47 [http-nio-8080-exec-6] DEBUG c.u.m.services.MedicalServiceService - Se preia lista completă a serviciilor medicale.
2026-06-12 00:14:47 [http-nio-8080-exec-3] WARN  o.s.d.w.c.SpringDataJacksonConfiguration$PageModule$WarningLoggingModifier - Serializing PageImpl instances as-is is not supported, meaning that there is no guarantee about the stability of the resulting JSON structure!
	For a stable JSON structure, please use Spring Data's PagedModel (globally via @EnableSpringDataWebSupport(pageSerializationMode = VIA_DTO))
	or Spring HATEOAS and Spring Data's PagedResourcesAssembler as documented in https://docs.spring.io/spring-data/commons/reference/repositories/core-extensions.html#core.web.pageables.

2026-06-12 00:14:47 [http-nio-8080-exec-6] INFO  c.u.management.aspects.LoggingAspect - AOP-LOG [SUCCESS]: Metoda MedicalServiceService.getAllServices() s-a finalizat cu succes. Rezultat returnat: [com.unibuc.management.entities.MedicalService@26ee863c, com.unibuc.management.entities.MedicalService@5b3c531d, com.unibuc.management.entities.MedicalService@93a5aad]
2026-06-12 00:14:48 [http-nio-8080-exec-5] DEBUG o.s.security.web.FilterChainProxy - Securing GET /api/appointments/patient/1
2026-06-12 00:14:48 [http-nio-8080-exec-5] DEBUG o.s.s.w.c.HttpSessionSecurityContextRepository - Retrieved SecurityContextImpl [Authentication=UsernamePasswordAuthenticationToken [Principal=com.unibuc.management.security.CustomUserDetails [Username=Ioan Popescu, Password=[PROTECTED], Enabled=true, AccountNonExpired=true, CredentialsNonExpired=true, AccountNonLocked=true, Granted Authorities=[ROLE_PATIENT]], Credentials=[PROTECTED], Authenticated=true, Details=null, Granted Authorities=[ROLE_PATIENT]]]
2026-06-12 00:14:48 [http-nio-8080-exec-5] DEBUG o.s.s.w.a.r.RememberMeAuthenticationFilter - SecurityContextHolder not populated with remember-me token, as it already contained: 'UsernamePasswordAuthenticationToken [Principal=com.unibuc.management.security.CustomUserDetails [Username=Ioan Popescu, Password=[PROTECTED], Enabled=true, AccountNonExpired=true, CredentialsNonExpired=true, AccountNonLocked=true, Granted Authorities=[ROLE_PATIENT]], Credentials=[PROTECTED], Authenticated=true, Details=null, Granted Authorities=[ROLE_PATIENT]]'
2026-06-12 00:14:48 [http-nio-8080-exec-5] DEBUG o.s.security.web.FilterChainProxy - Secured GET /api/appointments/patient/1
2026-06-12 00:14:48 [http-nio-8080-exec-5] DEBUG o.s.s.a.m.AuthorizationManagerBeforeMethodInterceptor - Authorizing method invocation ReflectiveMethodInvocation: public org.springframework.http.ResponseEntity com.unibuc.management.controllers.AppointmentController.getAppointmentsByPatientId(java.lang.Integer,int,int,java.lang.String[]); target is of class [com.unibuc.management.controllers.AppointmentController]
2026-06-12 00:14:48 [http-nio-8080-exec-5] DEBUG o.s.s.a.m.AuthorizationManagerBeforeMethodInterceptor - Authorized method invocation ReflectiveMethodInvocation: public org.springframework.http.ResponseEntity com.unibuc.management.controllers.AppointmentController.getAppointmentsByPatientId(java.lang.Integer,int,int,java.lang.String[]); target is of class [com.unibuc.management.controllers.AppointmentController]
2026-06-12 00:14:48 [http-nio-8080-exec-5] INFO  c.u.management.aspects.LoggingAspect - AOP-LOG [START]: Se execută metoda PatientService.getPatientByUsername() cu argumentele: [Ioan Popescu]
2026-06-12 00:14:48 [http-nio-8080-exec-5] DEBUG c.u.m.services.PatientService - Căutare pacient după username-ul de autentificare: Ioan Popescu
2026-06-12 00:14:48 [http-nio-8080-exec-5] INFO  c.u.management.aspects.LoggingAspect - AOP-LOG [SUCCESS]: Metoda PatientService.getPatientByUsername() s-a finalizat cu succes. Rezultat returnat: com.unibuc.management.entities.Patient@2fc5d42b
2026-06-12 00:14:48 [http-nio-8080-exec-5] INFO  c.u.management.aspects.LoggingAspect - AOP-LOG [START]: Se execută metoda AppointmentService.getAppointmentsByPatientIdPaged() cu argumentele: [1, Page request [number: 0, size 10, sort: appointmentFrom: ASC]]
2026-06-12 00:14:48 [http-nio-8080-exec-5] DEBUG c.u.m.services.AppointmentService - Preluare paginată a programărilor pentru pacientul ID: 1
2026-06-12 00:14:48 [http-nio-8080-exec-5] INFO  c.u.management.aspects.LoggingAspect - AOP-LOG [SUCCESS]: Metoda AppointmentService.getAppointmentsByPatientIdPaged() s-a finalizat cu succes. Rezultat returnat: Page 1 of 1 containing com.unibuc.management.entities.Appointment instances
2026-06-12 00:15:23 [http-nio-8080-exec-7] DEBUG o.s.security.web.FilterChainProxy - Securing POST /api/appointments
2026-06-12 00:15:23 [http-nio-8080-exec-7] DEBUG o.s.s.w.c.HttpSessionSecurityContextRepository - Retrieved SecurityContextImpl [Authentication=UsernamePasswordAuthenticationToken [Principal=com.unibuc.management.security.CustomUserDetails [Username=Ioan Popescu, Password=[PROTECTED], Enabled=true, AccountNonExpired=true, CredentialsNonExpired=true, AccountNonLocked=true, Granted Authorities=[ROLE_PATIENT]], Credentials=[PROTECTED], Authenticated=true, Details=null, Granted Authorities=[ROLE_PATIENT]]]
2026-06-12 00:15:23 [http-nio-8080-exec-7] DEBUG o.s.s.w.a.r.RememberMeAuthenticationFilter - SecurityContextHolder not populated with remember-me token, as it already contained: 'UsernamePasswordAuthenticationToken [Principal=com.unibuc.management.security.CustomUserDetails [Username=Ioan Popescu, Password=[PROTECTED], Enabled=true, AccountNonExpired=true, CredentialsNonExpired=true, AccountNonLocked=true, Granted Authorities=[ROLE_PATIENT]], Credentials=[PROTECTED], Authenticated=true, Details=null, Granted Authorities=[ROLE_PATIENT]]'
2026-06-12 00:15:23 [http-nio-8080-exec-7] DEBUG o.s.security.web.FilterChainProxy - Secured POST /api/appointments
2026-06-12 00:15:23 [http-nio-8080-exec-7] DEBUG o.s.s.a.m.AuthorizationManagerBeforeMethodInterceptor - Authorizing method invocation ReflectiveMethodInvocation: public org.springframework.http.ResponseEntity com.unibuc.management.controllers.AppointmentController.create(com.unibuc.management.dto.validation.AppointmentRequestDTO,org.springframework.security.core.Authentication); target is of class [com.unibuc.management.controllers.AppointmentController]
2026-06-12 00:15:23 [http-nio-8080-exec-7] DEBUG o.s.s.a.m.AuthorizationManagerBeforeMethodInterceptor - Authorized method invocation ReflectiveMethodInvocation: public org.springframework.http.ResponseEntity com.unibuc.management.controllers.AppointmentController.create(com.unibuc.management.dto.validation.AppointmentRequestDTO,org.springframework.security.core.Authentication); target is of class [com.unibuc.management.controllers.AppointmentController]
2026-06-12 00:15:23 [http-nio-8080-exec-7] INFO  c.u.management.aspects.LoggingAspect - AOP-LOG [START]: Se execută metoda AppointmentService.createAppointment() cu argumentele: [UsernamePasswordAuthenticationToken [Principal=com.unibuc.management.security.CustomUserDetails [Username=Ioan Popescu, Password=[PROTECTED], Enabled=true, AccountNonExpired=true, CredentialsNonExpired=true, AccountNonLocked=true, Granted Authorities=[ROLE_PATIENT]], Credentials=[PROTECTED], Authenticated=true, Details=null, Granted Authorities=[ROLE_PATIENT]], AppointmentRequestDTO(patientId=null, medicalServiceId=1, doctorId=1, appointmentFrom=2026-06-25T11:30Z, status=null)]
2026-06-12 00:15:23 [http-nio-8080-exec-7] DEBUG c.u.m.services.AppointmentService - Se inițiază crearea unei programări din DTO pentru pacientul ID: 1
2026-06-12 00:15:23 [http-nio-8080-exec-7] DEBUG c.u.m.services.AppointmentService - Calculare sloturi orare disponibile pentru serviciul ID: 1 în data de: 2026-06-25
2026-06-12 00:15:24 [http-nio-8080-exec-7] DEBUG c.u.m.services.AppointmentService - S-au găsit 0 perioade PTO active pentru doctorul ID: 1
2026-06-12 00:15:24 [http-nio-8080-exec-7] DEBUG c.u.m.services.AppointmentService - Total sloturi orare libere identificate: 16
2026-06-12 00:15:24 [http-nio-8080-exec-7] DEBUG c.u.m.services.AppointmentService - Generare plată pentru programarea curentă...
2026-06-12 00:15:24 [http-nio-8080-exec-7] INFO  c.u.management.aspects.LoggingAspect - AOP-LOG [START]: Se execută metoda PaymentService.createPaymentForPatient() cu argumentele: [com.unibuc.management.entities.Patient@49083f78, com.unibuc.management.entities.MedicalService@2e792c91, com.unibuc.management.entities.Appointment@4f3f9b1d]
2026-06-12 00:15:24 [http-nio-8080-exec-7] DEBUG c.u.m.services.PaymentService - Inițiere calcul plată pentru pacientul ID: 1, serviciul medical ID: 1
2026-06-12 00:15:24 [http-nio-8080-exec-7] DEBUG c.u.m.services.PaymentService - Prețul de bază al serviciului 'Consult Cardiologie + EKG' este: 250.0 RON
2026-06-12 00:15:24 [http-nio-8080-exec-7] DEBUG c.u.m.services.PaymentService - Pacientul nu deține abonament sau asigurare. Se aplică prețul integral: 250.0 RON
2026-06-12 00:15:24 [http-nio-8080-exec-7] DEBUG c.u.m.services.PaymentService - Entitatea Payment a fost instanțiată temporar cu suma finală: 250.0 RON.
2026-06-12 00:15:24 [http-nio-8080-exec-7] INFO  c.u.management.aspects.LoggingAspect - AOP-LOG [SUCCESS]: Metoda PaymentService.createPaymentForPatient() s-a finalizat cu succes. Rezultat returnat: com.unibuc.management.entities.Payment@140441cc
2026-06-12 00:15:24 [http-nio-8080-exec-7] INFO  c.u.m.services.AppointmentService - Programarea cu ID-ul 7 a fost salvată cu succes în sistem.
2026-06-12 00:15:24 [http-nio-8080-exec-7] INFO  c.u.management.aspects.LoggingAspect - AOP-LOG [SUCCESS]: Metoda AppointmentService.createAppointment() s-a finalizat cu succes. Rezultat returnat: com.unibuc.management.entities.Appointment@4f3f9b1d
2026-06-12 00:15:24 [http-nio-8080-exec-10] DEBUG o.s.security.web.FilterChainProxy - Securing GET /api/appointments/patient/1
2026-06-12 00:15:24 [http-nio-8080-exec-10] DEBUG o.s.s.w.c.HttpSessionSecurityContextRepository - Retrieved SecurityContextImpl [Authentication=UsernamePasswordAuthenticationToken [Principal=com.unibuc.management.security.CustomUserDetails [Username=Ioan Popescu, Password=[PROTECTED], Enabled=true, AccountNonExpired=true, CredentialsNonExpired=true, AccountNonLocked=true, Granted Authorities=[ROLE_PATIENT]], Credentials=[PROTECTED], Authenticated=true, Details=null, Granted Authorities=[ROLE_PATIENT]]]
2026-06-12 00:15:24 [http-nio-8080-exec-10] DEBUG o.s.s.w.a.r.RememberMeAuthenticationFilter - SecurityContextHolder not populated with remember-me token, as it already contained: 'UsernamePasswordAuthenticationToken [Principal=com.unibuc.management.security.CustomUserDetails [Username=Ioan Popescu, Password=[PROTECTED], Enabled=true, AccountNonExpired=true, CredentialsNonExpired=true, AccountNonLocked=true, Granted Authorities=[ROLE_PATIENT]], Credentials=[PROTECTED], Authenticated=true, Details=null, Granted Authorities=[ROLE_PATIENT]]'
2026-06-12 00:15:24 [http-nio-8080-exec-10] DEBUG o.s.security.web.FilterChainProxy - Secured GET /api/appointments/patient/1
2026-06-12 00:15:24 [http-nio-8080-exec-10] DEBUG o.s.s.a.m.AuthorizationManagerBeforeMethodInterceptor - Authorizing method invocation ReflectiveMethodInvocation: public org.springframework.http.ResponseEntity com.unibuc.management.controllers.AppointmentController.getAppointmentsByPatientId(java.lang.Integer,int,int,java.lang.String[]); target is of class [com.unibuc.management.controllers.AppointmentController]
2026-06-12 00:15:24 [http-nio-8080-exec-10] DEBUG o.s.s.a.m.AuthorizationManagerBeforeMethodInterceptor - Authorized method invocation ReflectiveMethodInvocation: public org.springframework.http.ResponseEntity com.unibuc.management.controllers.AppointmentController.getAppointmentsByPatientId(java.lang.Integer,int,int,java.lang.String[]); target is of class [com.unibuc.management.controllers.AppointmentController]
2026-06-12 00:15:24 [http-nio-8080-exec-10] INFO  c.u.management.aspects.LoggingAspect - AOP-LOG [START]: Se execută metoda PatientService.getPatientByUsername() cu argumentele: [Ioan Popescu]
2026-06-12 00:15:24 [http-nio-8080-exec-10] DEBUG c.u.m.services.PatientService - Căutare pacient după username-ul de autentificare: Ioan Popescu
2026-06-12 00:15:24 [http-nio-8080-exec-10] INFO  c.u.management.aspects.LoggingAspect - AOP-LOG [SUCCESS]: Metoda PatientService.getPatientByUsername() s-a finalizat cu succes. Rezultat returnat: com.unibuc.management.entities.Patient@195ef9aa
2026-06-12 00:15:24 [http-nio-8080-exec-10] INFO  c.u.management.aspects.LoggingAspect - AOP-LOG [START]: Se execută metoda AppointmentService.getAppointmentsByPatientIdPaged() cu argumentele: [1, Page request [number: 0, size 10, sort: appointmentFrom: ASC]]
2026-06-12 00:15:24 [http-nio-8080-exec-10] DEBUG c.u.m.services.AppointmentService - Preluare paginată a programărilor pentru pacientul ID: 1
2026-06-12 00:15:24 [http-nio-8080-exec-10] INFO  c.u.management.aspects.LoggingAspect - AOP-LOG [SUCCESS]: Metoda AppointmentService.getAppointmentsByPatientIdPaged() s-a finalizat cu succes. Rezultat returnat: Page 1 of 1 containing com.unibuc.management.entities.Appointment instances
2026-06-12 00:16:09 [http-nio-8080-exec-9] DEBUG o.s.security.web.FilterChainProxy - Securing GET /api/medical-services
2026-06-12 00:16:09 [http-nio-8080-exec-9] DEBUG o.s.s.w.c.HttpSessionSecurityContextRepository - Retrieved SecurityContextImpl [Authentication=UsernamePasswordAuthenticationToken [Principal=com.unibuc.management.security.CustomUserDetails [Username=Ioan Popescu, Password=[PROTECTED], Enabled=true, AccountNonExpired=true, CredentialsNonExpired=true, AccountNonLocked=true, Granted Authorities=[ROLE_PATIENT]], Credentials=[PROTECTED], Authenticated=true, Details=null, Granted Authorities=[ROLE_PATIENT]]]
2026-06-12 00:16:09 [http-nio-8080-exec-9] DEBUG o.s.s.w.a.r.RememberMeAuthenticationFilter - SecurityContextHolder not populated with remember-me token, as it already contained: 'UsernamePasswordAuthenticationToken [Principal=com.unibuc.management.security.CustomUserDetails [Username=Ioan Popescu, Password=[PROTECTED], Enabled=true, AccountNonExpired=true, CredentialsNonExpired=true, AccountNonLocked=true, Granted Authorities=[ROLE_PATIENT]], Credentials=[PROTECTED], Authenticated=true, Details=null, Granted Authorities=[ROLE_PATIENT]]'
2026-06-12 00:16:09 [http-nio-8080-exec-9] DEBUG o.s.security.web.FilterChainProxy - Secured GET /api/medical-services
2026-06-12 00:16:09 [http-nio-8080-exec-9] INFO  c.u.management.aspects.LoggingAspect - AOP-LOG [START]: Se execută metoda MedicalServiceService.getAllServices() cu argumentele: []
2026-06-12 00:16:09 [http-nio-8080-exec-9] DEBUG c.u.m.services.MedicalServiceService - Se preia lista completă a serviciilor medicale.
2026-06-12 00:16:09 [http-nio-8080-exec-8] DEBUG o.s.security.web.FilterChainProxy - Securing GET /api/appointments/patient/1
2026-06-12 00:16:09 [http-nio-8080-exec-8] DEBUG o.s.s.w.c.HttpSessionSecurityContextRepository - Retrieved SecurityContextImpl [Authentication=UsernamePasswordAuthenticationToken [Principal=com.unibuc.management.security.CustomUserDetails [Username=Ioan Popescu, Password=[PROTECTED], Enabled=true, AccountNonExpired=true, CredentialsNonExpired=true, AccountNonLocked=true, Granted Authorities=[ROLE_PATIENT]], Credentials=[PROTECTED], Authenticated=true, Details=null, Granted Authorities=[ROLE_PATIENT]]]
2026-06-12 00:16:09 [http-nio-8080-exec-8] DEBUG o.s.s.w.a.r.RememberMeAuthenticationFilter - SecurityContextHolder not populated with remember-me token, as it already contained: 'UsernamePasswordAuthenticationToken [Principal=com.unibuc.management.security.CustomUserDetails [Username=Ioan Popescu, Password=[PROTECTED], Enabled=true, AccountNonExpired=true, CredentialsNonExpired=true, AccountNonLocked=true, Granted Authorities=[ROLE_PATIENT]], Credentials=[PROTECTED], Authenticated=true, Details=null, Granted Authorities=[ROLE_PATIENT]]'
2026-06-12 00:16:09 [http-nio-8080-exec-8] DEBUG o.s.security.web.FilterChainProxy - Secured GET /api/appointments/patient/1
2026-06-12 00:16:09 [http-nio-8080-exec-8] DEBUG o.s.s.a.m.AuthorizationManagerBeforeMethodInterceptor - Authorizing method invocation ReflectiveMethodInvocation: public org.springframework.http.ResponseEntity com.unibuc.management.controllers.AppointmentController.getAppointmentsByPatientId(java.lang.Integer,int,int,java.lang.String[]); target is of class [com.unibuc.management.controllers.AppointmentController]
2026-06-12 00:16:09 [http-nio-8080-exec-8] DEBUG o.s.s.a.m.AuthorizationManagerBeforeMethodInterceptor - Authorized method invocation ReflectiveMethodInvocation: public org.springframework.http.ResponseEntity com.unibuc.management.controllers.AppointmentController.getAppointmentsByPatientId(java.lang.Integer,int,int,java.lang.String[]); target is of class [com.unibuc.management.controllers.AppointmentController]
2026-06-12 00:16:09 [http-nio-8080-exec-8] INFO  c.u.management.aspects.LoggingAspect - AOP-LOG [START]: Se execută metoda PatientService.getPatientByUsername() cu argumentele: [Ioan Popescu]
2026-06-12 00:16:09 [http-nio-8080-exec-8] DEBUG c.u.m.services.PatientService - Căutare pacient după username-ul de autentificare: Ioan Popescu
2026-06-12 00:16:09 [http-nio-8080-exec-9] INFO  c.u.management.aspects.LoggingAspect - AOP-LOG [SUCCESS]: Metoda MedicalServiceService.getAllServices() s-a finalizat cu succes. Rezultat returnat: [com.unibuc.management.entities.MedicalService@4c36319c, com.unibuc.management.entities.MedicalService@25becb0, com.unibuc.management.entities.MedicalService@7050d40]
2026-06-12 00:16:09 [http-nio-8080-exec-8] INFO  c.u.management.aspects.LoggingAspect - AOP-LOG [SUCCESS]: Metoda PatientService.getPatientByUsername() s-a finalizat cu succes. Rezultat returnat: com.unibuc.management.entities.Patient@6920599
2026-06-12 00:16:09 [http-nio-8080-exec-8] INFO  c.u.management.aspects.LoggingAspect - AOP-LOG [START]: Se execută metoda AppointmentService.getAppointmentsByPatientIdPaged() cu argumentele: [1, Page request [number: 0, size 10, sort: appointmentFrom: ASC]]
2026-06-12 00:16:09 [http-nio-8080-exec-8] DEBUG c.u.m.services.AppointmentService - Preluare paginată a programărilor pentru pacientul ID: 1
2026-06-12 00:16:09 [http-nio-8080-exec-8] INFO  c.u.management.aspects.LoggingAspect - AOP-LOG [SUCCESS]: Metoda AppointmentService.getAppointmentsByPatientIdPaged() s-a finalizat cu succes. Rezultat returnat: Page 1 of 1 containing com.unibuc.management.entities.Appointment instances
2026-06-12 00:16:10 [http-nio-8080-exec-1] DEBUG o.s.security.web.FilterChainProxy - Securing GET /api/appointments/patient/1
2026-06-12 00:16:10 [http-nio-8080-exec-1] DEBUG o.s.s.w.c.HttpSessionSecurityContextRepository - Retrieved SecurityContextImpl [Authentication=UsernamePasswordAuthenticationToken [Principal=com.unibuc.management.security.CustomUserDetails [Username=Ioan Popescu, Password=[PROTECTED], Enabled=true, AccountNonExpired=true, CredentialsNonExpired=true, AccountNonLocked=true, Granted Authorities=[ROLE_PATIENT]], Credentials=[PROTECTED], Authenticated=true, Details=null, Granted Authorities=[ROLE_PATIENT]]]
2026-06-12 00:16:10 [http-nio-8080-exec-1] DEBUG o.s.s.w.a.r.RememberMeAuthenticationFilter - SecurityContextHolder not populated with remember-me token, as it already contained: 'UsernamePasswordAuthenticationToken [Principal=com.unibuc.management.security.CustomUserDetails [Username=Ioan Popescu, Password=[PROTECTED], Enabled=true, AccountNonExpired=true, CredentialsNonExpired=true, AccountNonLocked=true, Granted Authorities=[ROLE_PATIENT]], Credentials=[PROTECTED], Authenticated=true, Details=null, Granted Authorities=[ROLE_PATIENT]]'
2026-06-12 00:16:10 [http-nio-8080-exec-1] DEBUG o.s.security.web.FilterChainProxy - Secured GET /api/appointments/patient/1
2026-06-12 00:16:10 [http-nio-8080-exec-2] DEBUG o.s.security.web.FilterChainProxy - Securing GET /api/medical-services
2026-06-12 00:16:10 [http-nio-8080-exec-1] DEBUG o.s.s.a.m.AuthorizationManagerBeforeMethodInterceptor - Authorizing method invocation ReflectiveMethodInvocation: public org.springframework.http.ResponseEntity com.unibuc.management.controllers.AppointmentController.getAppointmentsByPatientId(java.lang.Integer,int,int,java.lang.String[]); target is of class [com.unibuc.management.controllers.AppointmentController]
2026-06-12 00:16:10 [http-nio-8080-exec-2] DEBUG o.s.s.w.c.HttpSessionSecurityContextRepository - Retrieved SecurityContextImpl [Authentication=UsernamePasswordAuthenticationToken [Principal=com.unibuc.management.security.CustomUserDetails [Username=Ioan Popescu, Password=[PROTECTED], Enabled=true, AccountNonExpired=true, CredentialsNonExpired=true, AccountNonLocked=true, Granted Authorities=[ROLE_PATIENT]], Credentials=[PROTECTED], Authenticated=true, Details=null, Granted Authorities=[ROLE_PATIENT]]]
2026-06-12 00:16:10 [http-nio-8080-exec-1] DEBUG o.s.s.a.m.AuthorizationManagerBeforeMethodInterceptor - Authorized method invocation ReflectiveMethodInvocation: public org.springframework.http.ResponseEntity com.unibuc.management.controllers.AppointmentController.getAppointmentsByPatientId(java.lang.Integer,int,int,java.lang.String[]); target is of class [com.unibuc.management.controllers.AppointmentController]
2026-06-12 00:16:10 [http-nio-8080-exec-2] DEBUG o.s.s.w.a.r.RememberMeAuthenticationFilter - SecurityContextHolder not populated with remember-me token, as it already contained: 'UsernamePasswordAuthenticationToken [Principal=com.unibuc.management.security.CustomUserDetails [Username=Ioan Popescu, Password=[PROTECTED], Enabled=true, AccountNonExpired=true, CredentialsNonExpired=true, AccountNonLocked=true, Granted Authorities=[ROLE_PATIENT]], Credentials=[PROTECTED], Authenticated=true, Details=null, Granted Authorities=[ROLE_PATIENT]]'
2026-06-12 00:16:10 [http-nio-8080-exec-1] INFO  c.u.management.aspects.LoggingAspect - AOP-LOG [START]: Se execută metoda PatientService.getPatientByUsername() cu argumentele: [Ioan Popescu]
2026-06-12 00:16:10 [http-nio-8080-exec-2] DEBUG o.s.security.web.FilterChainProxy - Secured GET /api/medical-services
2026-06-12 00:16:10 [http-nio-8080-exec-1] DEBUG c.u.m.services.PatientService - Căutare pacient după username-ul de autentificare: Ioan Popescu
2026-06-12 00:16:10 [http-nio-8080-exec-2] INFO  c.u.management.aspects.LoggingAspect - AOP-LOG [START]: Se execută metoda MedicalServiceService.getAllServices() cu argumentele: []
2026-06-12 00:16:10 [http-nio-8080-exec-2] DEBUG c.u.m.services.MedicalServiceService - Se preia lista completă a serviciilor medicale.
2026-06-12 00:16:10 [http-nio-8080-exec-2] INFO  c.u.management.aspects.LoggingAspect - AOP-LOG [SUCCESS]: Metoda MedicalServiceService.getAllServices() s-a finalizat cu succes. Rezultat returnat: [com.unibuc.management.entities.MedicalService@625f589a, com.unibuc.management.entities.MedicalService@fa1037f, com.unibuc.management.entities.MedicalService@7f3bbadd]
2026-06-12 00:16:10 [http-nio-8080-exec-1] INFO  c.u.management.aspects.LoggingAspect - AOP-LOG [SUCCESS]: Metoda PatientService.getPatientByUsername() s-a finalizat cu succes. Rezultat returnat: com.unibuc.management.entities.Patient@529eab43
2026-06-12 00:16:10 [http-nio-8080-exec-1] INFO  c.u.management.aspects.LoggingAspect - AOP-LOG [START]: Se execută metoda AppointmentService.getAppointmentsByPatientIdPaged() cu argumentele: [1, Page request [number: 0, size 10, sort: appointmentFrom: ASC]]
2026-06-12 00:16:10 [http-nio-8080-exec-1] DEBUG c.u.m.services.AppointmentService - Preluare paginată a programărilor pentru pacientul ID: 1
2026-06-12 00:16:10 [http-nio-8080-exec-1] INFO  c.u.management.aspects.LoggingAspect - AOP-LOG [SUCCESS]: Metoda AppointmentService.getAppointmentsByPatientIdPaged() s-a finalizat cu succes. Rezultat returnat: Page 1 of 1 containing com.unibuc.management.entities.Appointment instances
2026-06-12 00:16:10 [http-nio-8080-exec-4] DEBUG o.s.security.web.FilterChainProxy - Securing GET /api/appointments/patient/1
2026-06-12 00:16:10 [http-nio-8080-exec-4] DEBUG o.s.s.w.c.HttpSessionSecurityContextRepository - Retrieved SecurityContextImpl [Authentication=UsernamePasswordAuthenticationToken [Principal=com.unibuc.management.security.CustomUserDetails [Username=Ioan Popescu, Password=[PROTECTED], Enabled=true, AccountNonExpired=true, CredentialsNonExpired=true, AccountNonLocked=true, Granted Authorities=[ROLE_PATIENT]], Credentials=[PROTECTED], Authenticated=true, Details=null, Granted Authorities=[ROLE_PATIENT]]]
2026-06-12 00:16:10 [http-nio-8080-exec-6] DEBUG o.s.security.web.FilterChainProxy - Securing GET /api/medical-services
2026-06-12 00:16:10 [http-nio-8080-exec-4] DEBUG o.s.s.w.a.r.RememberMeAuthenticationFilter - SecurityContextHolder not populated with remember-me token, as it already contained: 'UsernamePasswordAuthenticationToken [Principal=com.unibuc.management.security.CustomUserDetails [Username=Ioan Popescu, Password=[PROTECTED], Enabled=true, AccountNonExpired=true, CredentialsNonExpired=true, AccountNonLocked=true, Granted Authorities=[ROLE_PATIENT]], Credentials=[PROTECTED], Authenticated=true, Details=null, Granted Authorities=[ROLE_PATIENT]]'
2026-06-12 00:16:10 [http-nio-8080-exec-4] DEBUG o.s.security.web.FilterChainProxy - Secured GET /api/appointments/patient/1
2026-06-12 00:16:10 [http-nio-8080-exec-6] DEBUG o.s.s.w.c.HttpSessionSecurityContextRepository - Retrieved SecurityContextImpl [Authentication=UsernamePasswordAuthenticationToken [Principal=com.unibuc.management.security.CustomUserDetails [Username=Ioan Popescu, Password=[PROTECTED], Enabled=true, AccountNonExpired=true, CredentialsNonExpired=true, AccountNonLocked=true, Granted Authorities=[ROLE_PATIENT]], Credentials=[PROTECTED], Authenticated=true, Details=null, Granted Authorities=[ROLE_PATIENT]]]
2026-06-12 00:16:10 [http-nio-8080-exec-6] DEBUG o.s.s.w.a.r.RememberMeAuthenticationFilter - SecurityContextHolder not populated with remember-me token, as it already contained: 'UsernamePasswordAuthenticationToken [Principal=com.unibuc.management.security.CustomUserDetails [Username=Ioan Popescu, Password=[PROTECTED], Enabled=true, AccountNonExpired=true, CredentialsNonExpired=true, AccountNonLocked=true, Granted Authorities=[ROLE_PATIENT]], Credentials=[PROTECTED], Authenticated=true, Details=null, Granted Authorities=[ROLE_PATIENT]]'
2026-06-12 00:16:10 [http-nio-8080-exec-6] DEBUG o.s.security.web.FilterChainProxy - Secured GET /api/medical-services
2026-06-12 00:16:10 [http-nio-8080-exec-6] INFO  c.u.management.aspects.LoggingAspect - AOP-LOG [START]: Se execută metoda MedicalServiceService.getAllServices() cu argumentele: []
2026-06-12 00:16:10 [http-nio-8080-exec-4] DEBUG o.s.s.a.m.AuthorizationManagerBeforeMethodInterceptor - Authorizing method invocation ReflectiveMethodInvocation: public org.springframework.http.ResponseEntity com.unibuc.management.controllers.AppointmentController.getAppointmentsByPatientId(java.lang.Integer,int,int,java.lang.String[]); target is of class [com.unibuc.management.controllers.AppointmentController]
2026-06-12 00:16:10 [http-nio-8080-exec-6] DEBUG c.u.m.services.MedicalServiceService - Se preia lista completă a serviciilor medicale.
2026-06-12 00:16:10 [http-nio-8080-exec-4] DEBUG o.s.s.a.m.AuthorizationManagerBeforeMethodInterceptor - Authorized method invocation ReflectiveMethodInvocation: public org.springframework.http.ResponseEntity com.unibuc.management.controllers.AppointmentController.getAppointmentsByPatientId(java.lang.Integer,int,int,java.lang.String[]); target is of class [com.unibuc.management.controllers.AppointmentController]
2026-06-12 00:16:10 [http-nio-8080-exec-4] INFO  c.u.management.aspects.LoggingAspect - AOP-LOG [START]: Se execută metoda PatientService.getPatientByUsername() cu argumentele: [Ioan Popescu]
2026-06-12 00:16:10 [http-nio-8080-exec-4] DEBUG c.u.m.services.PatientService - Căutare pacient după username-ul de autentificare: Ioan Popescu
2026-06-12 00:16:10 [http-nio-8080-exec-6] INFO  c.u.management.aspects.LoggingAspect - AOP-LOG [SUCCESS]: Metoda MedicalServiceService.getAllServices() s-a finalizat cu succes. Rezultat returnat: [com.unibuc.management.entities.MedicalService@7c8e7070, com.unibuc.management.entities.MedicalService@34e19b62, com.unibuc.management.entities.MedicalService@799299b6]
2026-06-12 00:16:10 [http-nio-8080-exec-4] INFO  c.u.management.aspects.LoggingAspect - AOP-LOG [SUCCESS]: Metoda PatientService.getPatientByUsername() s-a finalizat cu succes. Rezultat returnat: com.unibuc.management.entities.Patient@5904cd10
2026-06-12 00:16:10 [http-nio-8080-exec-4] INFO  c.u.management.aspects.LoggingAspect - AOP-LOG [START]: Se execută metoda AppointmentService.getAppointmentsByPatientIdPaged() cu argumentele: [1, Page request [number: 0, size 10, sort: appointmentFrom: ASC]]
2026-06-12 00:16:10 [http-nio-8080-exec-4] DEBUG c.u.m.services.AppointmentService - Preluare paginată a programărilor pentru pacientul ID: 1
2026-06-12 00:16:10 [http-nio-8080-exec-4] INFO  c.u.management.aspects.LoggingAspect - AOP-LOG [SUCCESS]: Metoda AppointmentService.getAppointmentsByPatientIdPaged() s-a finalizat cu succes. Rezultat returnat: Page 1 of 1 containing com.unibuc.management.entities.Appointment instances
2026-06-12 00:16:10 [http-nio-8080-exec-3] DEBUG o.s.security.web.FilterChainProxy - Securing GET /api/appointments/patient/1
2026-06-12 00:16:10 [http-nio-8080-exec-3] DEBUG o.s.s.w.c.HttpSessionSecurityContextRepository - Retrieved SecurityContextImpl [Authentication=UsernamePasswordAuthenticationToken [Principal=com.unibuc.management.security.CustomUserDetails [Username=Ioan Popescu, Password=[PROTECTED], Enabled=true, AccountNonExpired=true, CredentialsNonExpired=true, AccountNonLocked=true, Granted Authorities=[ROLE_PATIENT]], Credentials=[PROTECTED], Authenticated=true, Details=null, Granted Authorities=[ROLE_PATIENT]]]
2026-06-12 00:16:10 [http-nio-8080-exec-3] DEBUG o.s.s.w.a.r.RememberMeAuthenticationFilter - SecurityContextHolder not populated with remember-me token, as it already contained: 'UsernamePasswordAuthenticationToken [Principal=com.unibuc.management.security.CustomUserDetails [Username=Ioan Popescu, Password=[PROTECTED], Enabled=true, AccountNonExpired=true, CredentialsNonExpired=true, AccountNonLocked=true, Granted Authorities=[ROLE_PATIENT]], Credentials=[PROTECTED], Authenticated=true, Details=null, Granted Authorities=[ROLE_PATIENT]]'
2026-06-12 00:16:10 [http-nio-8080-exec-3] DEBUG o.s.security.web.FilterChainProxy - Secured GET /api/appointments/patient/1
2026-06-12 00:16:10 [http-nio-8080-exec-5] DEBUG o.s.security.web.FilterChainProxy - Securing GET /api/medical-services
2026-06-12 00:16:10 [http-nio-8080-exec-5] DEBUG o.s.s.w.c.HttpSessionSecurityContextRepository - Retrieved SecurityContextImpl [Authentication=UsernamePasswordAuthenticationToken [Principal=com.unibuc.management.security.CustomUserDetails [Username=Ioan Popescu, Password=[PROTECTED], Enabled=true, AccountNonExpired=true, CredentialsNonExpired=true, AccountNonLocked=true, Granted Authorities=[ROLE_PATIENT]], Credentials=[PROTECTED], Authenticated=true, Details=null, Granted Authorities=[ROLE_PATIENT]]]
2026-06-12 00:16:10 [http-nio-8080-exec-3] DEBUG o.s.s.a.m.AuthorizationManagerBeforeMethodInterceptor - Authorizing method invocation ReflectiveMethodInvocation: public org.springframework.http.ResponseEntity com.unibuc.management.controllers.AppointmentController.getAppointmentsByPatientId(java.lang.Integer,int,int,java.lang.String[]); target is of class [com.unibuc.management.controllers.AppointmentController]
2026-06-12 00:16:10 [http-nio-8080-exec-5] DEBUG o.s.s.w.a.r.RememberMeAuthenticationFilter - SecurityContextHolder not populated with remember-me token, as it already contained: 'UsernamePasswordAuthenticationToken [Principal=com.unibuc.management.security.CustomUserDetails [Username=Ioan Popescu, Password=[PROTECTED], Enabled=true, AccountNonExpired=true, CredentialsNonExpired=true, AccountNonLocked=true, Granted Authorities=[ROLE_PATIENT]], Credentials=[PROTECTED], Authenticated=true, Details=null, Granted Authorities=[ROLE_PATIENT]]'
2026-06-12 00:16:10 [http-nio-8080-exec-3] DEBUG o.s.s.a.m.AuthorizationManagerBeforeMethodInterceptor - Authorized method invocation ReflectiveMethodInvocation: public org.springframework.http.ResponseEntity com.unibuc.management.controllers.AppointmentController.getAppointmentsByPatientId(java.lang.Integer,int,int,java.lang.String[]); target is of class [com.unibuc.management.controllers.AppointmentController]
2026-06-12 00:16:10 [http-nio-8080-exec-5] DEBUG o.s.security.web.FilterChainProxy - Secured GET /api/medical-services
2026-06-12 00:16:10 [http-nio-8080-exec-3] INFO  c.u.management.aspects.LoggingAspect - AOP-LOG [START]: Se execută metoda PatientService.getPatientByUsername() cu argumentele: [Ioan Popescu]
2026-06-12 00:16:10 [http-nio-8080-exec-3] DEBUG c.u.m.services.PatientService - Căutare pacient după username-ul de autentificare: Ioan Popescu
2026-06-12 00:16:10 [http-nio-8080-exec-5] INFO  c.u.management.aspects.LoggingAspect - AOP-LOG [START]: Se execută metoda MedicalServiceService.getAllServices() cu argumentele: []
2026-06-12 00:16:10 [http-nio-8080-exec-5] DEBUG c.u.m.services.MedicalServiceService - Se preia lista completă a serviciilor medicale.
2026-06-12 00:16:10 [http-nio-8080-exec-5] INFO  c.u.management.aspects.LoggingAspect - AOP-LOG [SUCCESS]: Metoda MedicalServiceService.getAllServices() s-a finalizat cu succes. Rezultat returnat: [com.unibuc.management.entities.MedicalService@229de4ed, com.unibuc.management.entities.MedicalService@62dfb9c4, com.unibuc.management.entities.MedicalService@7b7e4677]
2026-06-12 00:16:10 [http-nio-8080-exec-3] INFO  c.u.management.aspects.LoggingAspect - AOP-LOG [SUCCESS]: Metoda PatientService.getPatientByUsername() s-a finalizat cu succes. Rezultat returnat: com.unibuc.management.entities.Patient@1e65ea25
2026-06-12 00:16:10 [http-nio-8080-exec-3] INFO  c.u.management.aspects.LoggingAspect - AOP-LOG [START]: Se execută metoda AppointmentService.getAppointmentsByPatientIdPaged() cu argumentele: [1, Page request [number: 0, size 10, sort: appointmentFrom: ASC]]
2026-06-12 00:16:10 [http-nio-8080-exec-3] DEBUG c.u.m.services.AppointmentService - Preluare paginată a programărilor pentru pacientul ID: 1
2026-06-12 00:16:10 [http-nio-8080-exec-3] INFO  c.u.management.aspects.LoggingAspect - AOP-LOG [SUCCESS]: Metoda AppointmentService.getAppointmentsByPatientIdPaged() s-a finalizat cu succes. Rezultat returnat: Page 1 of 1 containing com.unibuc.management.entities.Appointment instances
2026-06-12 00:16:11 [http-nio-8080-exec-7] DEBUG o.s.security.web.FilterChainProxy - Securing GET /api/appointments/patient/1
2026-06-12 00:16:11 [http-nio-8080-exec-7] DEBUG o.s.s.w.c.HttpSessionSecurityContextRepository - Retrieved SecurityContextImpl [Authentication=UsernamePasswordAuthenticationToken [Principal=com.unibuc.management.security.CustomUserDetails [Username=Ioan Popescu, Password=[PROTECTED], Enabled=true, AccountNonExpired=true, CredentialsNonExpired=true, AccountNonLocked=true, Granted Authorities=[ROLE_PATIENT]], Credentials=[PROTECTED], Authenticated=true, Details=null, Granted Authorities=[ROLE_PATIENT]]]
2026-06-12 00:16:11 [http-nio-8080-exec-7] DEBUG o.s.s.w.a.r.RememberMeAuthenticationFilter - SecurityContextHolder not populated with remember-me token, as it already contained: 'UsernamePasswordAuthenticationToken [Principal=com.unibuc.management.security.CustomUserDetails [Username=Ioan Popescu, Password=[PROTECTED], Enabled=true, AccountNonExpired=true, CredentialsNonExpired=true, AccountNonLocked=true, Granted Authorities=[ROLE_PATIENT]], Credentials=[PROTECTED], Authenticated=true, Details=null, Granted Authorities=[ROLE_PATIENT]]'
2026-06-12 00:16:11 [http-nio-8080-exec-7] DEBUG o.s.security.web.FilterChainProxy - Secured GET /api/appointments/patient/1
2026-06-12 00:16:11 [http-nio-8080-exec-10] DEBUG o.s.security.web.FilterChainProxy - Securing GET /api/medical-services
2026-06-12 00:16:11 [http-nio-8080-exec-7] DEBUG o.s.s.a.m.AuthorizationManagerBeforeMethodInterceptor - Authorizing method invocation ReflectiveMethodInvocation: public org.springframework.http.ResponseEntity com.unibuc.management.controllers.AppointmentController.getAppointmentsByPatientId(java.lang.Integer,int,int,java.lang.String[]); target is of class [com.unibuc.management.controllers.AppointmentController]
2026-06-12 00:16:11 [http-nio-8080-exec-10] DEBUG o.s.s.w.c.HttpSessionSecurityContextRepository - Retrieved SecurityContextImpl [Authentication=UsernamePasswordAuthenticationToken [Principal=com.unibuc.management.security.CustomUserDetails [Username=Ioan Popescu, Password=[PROTECTED], Enabled=true, AccountNonExpired=true, CredentialsNonExpired=true, AccountNonLocked=true, Granted Authorities=[ROLE_PATIENT]], Credentials=[PROTECTED], Authenticated=true, Details=null, Granted Authorities=[ROLE_PATIENT]]]
2026-06-12 00:16:11 [http-nio-8080-exec-10] DEBUG o.s.s.w.a.r.RememberMeAuthenticationFilter - SecurityContextHolder not populated with remember-me token, as it already contained: 'UsernamePasswordAuthenticationToken [Principal=com.unibuc.management.security.CustomUserDetails [Username=Ioan Popescu, Password=[PROTECTED], Enabled=true, AccountNonExpired=true, CredentialsNonExpired=true, AccountNonLocked=true, Granted Authorities=[ROLE_PATIENT]], Credentials=[PROTECTED], Authenticated=true, Details=null, Granted Authorities=[ROLE_PATIENT]]'
2026-06-12 00:16:11 [http-nio-8080-exec-7] DEBUG o.s.s.a.m.AuthorizationManagerBeforeMethodInterceptor - Authorized method invocation ReflectiveMethodInvocation: public org.springframework.http.ResponseEntity com.unibuc.management.controllers.AppointmentController.getAppointmentsByPatientId(java.lang.Integer,int,int,java.lang.String[]); target is of class [com.unibuc.management.controllers.AppointmentController]
2026-06-12 00:16:11 [http-nio-8080-exec-10] DEBUG o.s.security.web.FilterChainProxy - Secured GET /api/medical-services
2026-06-12 00:16:11 [http-nio-8080-exec-10] INFO  c.u.management.aspects.LoggingAspect - AOP-LOG [START]: Se execută metoda MedicalServiceService.getAllServices() cu argumentele: []
2026-06-12 00:16:11 [http-nio-8080-exec-7] INFO  c.u.management.aspects.LoggingAspect - AOP-LOG [START]: Se execută metoda PatientService.getPatientByUsername() cu argumentele: [Ioan Popescu]
2026-06-12 00:16:11 [http-nio-8080-exec-10] DEBUG c.u.m.services.MedicalServiceService - Se preia lista completă a serviciilor medicale.
2026-06-12 00:16:11 [http-nio-8080-exec-7] DEBUG c.u.m.services.PatientService - Căutare pacient după username-ul de autentificare: Ioan Popescu
2026-06-12 00:16:11 [http-nio-8080-exec-10] INFO  c.u.management.aspects.LoggingAspect - AOP-LOG [SUCCESS]: Metoda MedicalServiceService.getAllServices() s-a finalizat cu succes. Rezultat returnat: [com.unibuc.management.entities.MedicalService@56e3da51, com.unibuc.management.entities.MedicalService@3c078df, com.unibuc.management.entities.MedicalService@38534bdd]
2026-06-12 00:16:11 [http-nio-8080-exec-7] INFO  c.u.management.aspects.LoggingAspect - AOP-LOG [SUCCESS]: Metoda PatientService.getPatientByUsername() s-a finalizat cu succes. Rezultat returnat: com.unibuc.management.entities.Patient@2f6da65
2026-06-12 00:16:11 [http-nio-8080-exec-7] INFO  c.u.management.aspects.LoggingAspect - AOP-LOG [START]: Se execută metoda AppointmentService.getAppointmentsByPatientIdPaged() cu argumentele: [1, Page request [number: 0, size 10, sort: appointmentFrom: ASC]]
2026-06-12 00:16:11 [http-nio-8080-exec-7] DEBUG c.u.m.services.AppointmentService - Preluare paginată a programărilor pentru pacientul ID: 1
2026-06-12 00:16:11 [http-nio-8080-exec-7] INFO  c.u.management.aspects.LoggingAspect - AOP-LOG [SUCCESS]: Metoda AppointmentService.getAppointmentsByPatientIdPaged() s-a finalizat cu succes. Rezultat returnat: Page 1 of 1 containing com.unibuc.management.entities.Appointment instances
2026-06-12 00:16:11 [http-nio-8080-exec-9] DEBUG o.s.security.web.FilterChainProxy - Securing GET /api/appointments/patient/1
2026-06-12 00:16:11 [http-nio-8080-exec-9] DEBUG o.s.s.w.c.HttpSessionSecurityContextRepository - Retrieved SecurityContextImpl [Authentication=UsernamePasswordAuthenticationToken [Principal=com.unibuc.management.security.CustomUserDetails [Username=Ioan Popescu, Password=[PROTECTED], Enabled=true, AccountNonExpired=true, CredentialsNonExpired=true, AccountNonLocked=true, Granted Authorities=[ROLE_PATIENT]], Credentials=[PROTECTED], Authenticated=true, Details=null, Granted Authorities=[ROLE_PATIENT]]]
2026-06-12 00:16:11 [http-nio-8080-exec-9] DEBUG o.s.s.w.a.r.RememberMeAuthenticationFilter - SecurityContextHolder not populated with remember-me token, as it already contained: 'UsernamePasswordAuthenticationToken [Principal=com.unibuc.management.security.CustomUserDetails [Username=Ioan Popescu, Password=[PROTECTED], Enabled=true, AccountNonExpired=true, CredentialsNonExpired=true, AccountNonLocked=true, Granted Authorities=[ROLE_PATIENT]], Credentials=[PROTECTED], Authenticated=true, Details=null, Granted Authorities=[ROLE_PATIENT]]'
2026-06-12 00:16:11 [http-nio-8080-exec-9] DEBUG o.s.security.web.FilterChainProxy - Secured GET /api/appointments/patient/1
2026-06-12 00:16:11 [http-nio-8080-exec-8] DEBUG o.s.security.web.FilterChainProxy - Securing GET /api/medical-services
2026-06-12 00:16:11 [http-nio-8080-exec-9] DEBUG o.s.s.a.m.AuthorizationManagerBeforeMethodInterceptor - Authorizing method invocation ReflectiveMethodInvocation: public org.springframework.http.ResponseEntity com.unibuc.management.controllers.AppointmentController.getAppointmentsByPatientId(java.lang.Integer,int,int,java.lang.String[]); target is of class [com.unibuc.management.controllers.AppointmentController]
2026-06-12 00:16:11 [http-nio-8080-exec-8] DEBUG o.s.s.w.c.HttpSessionSecurityContextRepository - Retrieved SecurityContextImpl [Authentication=UsernamePasswordAuthenticationToken [Principal=com.unibuc.management.security.CustomUserDetails [Username=Ioan Popescu, Password=[PROTECTED], Enabled=true, AccountNonExpired=true, CredentialsNonExpired=true, AccountNonLocked=true, Granted Authorities=[ROLE_PATIENT]], Credentials=[PROTECTED], Authenticated=true, Details=null, Granted Authorities=[ROLE_PATIENT]]]
2026-06-12 00:16:11 [http-nio-8080-exec-9] DEBUG o.s.s.a.m.AuthorizationManagerBeforeMethodInterceptor - Authorized method invocation ReflectiveMethodInvocation: public org.springframework.http.ResponseEntity com.unibuc.management.controllers.AppointmentController.getAppointmentsByPatientId(java.lang.Integer,int,int,java.lang.String[]); target is of class [com.unibuc.management.controllers.AppointmentController]
2026-06-12 00:16:11 [http-nio-8080-exec-8] DEBUG o.s.s.w.a.r.RememberMeAuthenticationFilter - SecurityContextHolder not populated with remember-me token, as it already contained: 'UsernamePasswordAuthenticationToken [Principal=com.unibuc.management.security.CustomUserDetails [Username=Ioan Popescu, Password=[PROTECTED], Enabled=true, AccountNonExpired=true, CredentialsNonExpired=true, AccountNonLocked=true, Granted Authorities=[ROLE_PATIENT]], Credentials=[PROTECTED], Authenticated=true, Details=null, Granted Authorities=[ROLE_PATIENT]]'
2026-06-12 00:16:11 [http-nio-8080-exec-9] INFO  c.u.management.aspects.LoggingAspect - AOP-LOG [START]: Se execută metoda PatientService.getPatientByUsername() cu argumentele: [Ioan Popescu]
2026-06-12 00:16:11 [http-nio-8080-exec-8] DEBUG o.s.security.web.FilterChainProxy - Secured GET /api/medical-services
2026-06-12 00:16:11 [http-nio-8080-exec-9] DEBUG c.u.m.services.PatientService - Căutare pacient după username-ul de autentificare: Ioan Popescu
2026-06-12 00:16:11 [http-nio-8080-exec-8] INFO  c.u.management.aspects.LoggingAspect - AOP-LOG [START]: Se execută metoda MedicalServiceService.getAllServices() cu argumentele: []
2026-06-12 00:16:11 [http-nio-8080-exec-8] DEBUG c.u.m.services.MedicalServiceService - Se preia lista completă a serviciilor medicale.
2026-06-12 00:16:12 [http-nio-8080-exec-9] INFO  c.u.management.aspects.LoggingAspect - AOP-LOG [SUCCESS]: Metoda PatientService.getPatientByUsername() s-a finalizat cu succes. Rezultat returnat: com.unibuc.management.entities.Patient@66f5b3be
2026-06-12 00:16:12 [http-nio-8080-exec-9] INFO  c.u.management.aspects.LoggingAspect - AOP-LOG [START]: Se execută metoda AppointmentService.getAppointmentsByPatientIdPaged() cu argumentele: [1, Page request [number: 0, size 10, sort: appointmentFrom: ASC]]
2026-06-12 00:16:12 [http-nio-8080-exec-9] DEBUG c.u.m.services.AppointmentService - Preluare paginată a programărilor pentru pacientul ID: 1
2026-06-12 00:16:12 [http-nio-8080-exec-8] INFO  c.u.management.aspects.LoggingAspect - AOP-LOG [SUCCESS]: Metoda MedicalServiceService.getAllServices() s-a finalizat cu succes. Rezultat returnat: [com.unibuc.management.entities.MedicalService@20f3fe7f, com.unibuc.management.entities.MedicalService@663371c8, com.unibuc.management.entities.MedicalService@1b0312b7]
2026-06-12 00:16:12 [http-nio-8080-exec-9] INFO  c.u.management.aspects.LoggingAspect - AOP-LOG [SUCCESS]: Metoda AppointmentService.getAppointmentsByPatientIdPaged() s-a finalizat cu succes. Rezultat returnat: Page 1 of 1 containing com.unibuc.management.entities.Appointment instances
2026-06-12 00:16:12 [http-nio-8080-exec-2] DEBUG o.s.security.web.FilterChainProxy - Securing GET /api/appointments/patient/1
2026-06-12 00:16:12 [http-nio-8080-exec-2] DEBUG o.s.s.w.c.HttpSessionSecurityContextRepository - Retrieved SecurityContextImpl [Authentication=UsernamePasswordAuthenticationToken [Principal=com.unibuc.management.security.CustomUserDetails [Username=Ioan Popescu, Password=[PROTECTED], Enabled=true, AccountNonExpired=true, CredentialsNonExpired=true, AccountNonLocked=true, Granted Authorities=[ROLE_PATIENT]], Credentials=[PROTECTED], Authenticated=true, Details=null, Granted Authorities=[ROLE_PATIENT]]]
2026-06-12 00:16:12 [http-nio-8080-exec-2] DEBUG o.s.s.w.a.r.RememberMeAuthenticationFilter - SecurityContextHolder not populated with remember-me token, as it already contained: 'UsernamePasswordAuthenticationToken [Principal=com.unibuc.management.security.CustomUserDetails [Username=Ioan Popescu, Password=[PROTECTED], Enabled=true, AccountNonExpired=true, CredentialsNonExpired=true, AccountNonLocked=true, Granted Authorities=[ROLE_PATIENT]], Credentials=[PROTECTED], Authenticated=true, Details=null, Granted Authorities=[ROLE_PATIENT]]'
2026-06-12 00:16:12 [http-nio-8080-exec-2] DEBUG o.s.security.web.FilterChainProxy - Secured GET /api/appointments/patient/1
2026-06-12 00:16:12 [http-nio-8080-exec-1] DEBUG o.s.security.web.FilterChainProxy - Securing GET /api/medical-services
2026-06-12 00:16:12 [http-nio-8080-exec-1] DEBUG o.s.s.w.c.HttpSessionSecurityContextRepository - Retrieved SecurityContextImpl [Authentication=UsernamePasswordAuthenticationToken [Principal=com.unibuc.management.security.CustomUserDetails [Username=Ioan Popescu, Password=[PROTECTED], Enabled=true, AccountNonExpired=true, CredentialsNonExpired=true, AccountNonLocked=true, Granted Authorities=[ROLE_PATIENT]], Credentials=[PROTECTED], Authenticated=true, Details=null, Granted Authorities=[ROLE_PATIENT]]]
2026-06-12 00:16:12 [http-nio-8080-exec-2] DEBUG o.s.s.a.m.AuthorizationManagerBeforeMethodInterceptor - Authorizing method invocation ReflectiveMethodInvocation: public org.springframework.http.ResponseEntity com.unibuc.management.controllers.AppointmentController.getAppointmentsByPatientId(java.lang.Integer,int,int,java.lang.String[]); target is of class [com.unibuc.management.controllers.AppointmentController]
2026-06-12 00:16:12 [http-nio-8080-exec-1] DEBUG o.s.s.w.a.r.RememberMeAuthenticationFilter - SecurityContextHolder not populated with remember-me token, as it already contained: 'UsernamePasswordAuthenticationToken [Principal=com.unibuc.management.security.CustomUserDetails [Username=Ioan Popescu, Password=[PROTECTED], Enabled=true, AccountNonExpired=true, CredentialsNonExpired=true, AccountNonLocked=true, Granted Authorities=[ROLE_PATIENT]], Credentials=[PROTECTED], Authenticated=true, Details=null, Granted Authorities=[ROLE_PATIENT]]'
2026-06-12 00:16:12 [http-nio-8080-exec-1] DEBUG o.s.security.web.FilterChainProxy - Secured GET /api/medical-services
2026-06-12 00:16:12 [http-nio-8080-exec-2] DEBUG o.s.s.a.m.AuthorizationManagerBeforeMethodInterceptor - Authorized method invocation ReflectiveMethodInvocation: public org.springframework.http.ResponseEntity com.unibuc.management.controllers.AppointmentController.getAppointmentsByPatientId(java.lang.Integer,int,int,java.lang.String[]); target is of class [com.unibuc.management.controllers.AppointmentController]
2026-06-12 00:16:12 [http-nio-8080-exec-2] INFO  c.u.management.aspects.LoggingAspect - AOP-LOG [START]: Se execută metoda PatientService.getPatientByUsername() cu argumentele: [Ioan Popescu]
2026-06-12 00:16:12 [http-nio-8080-exec-2] DEBUG c.u.m.services.PatientService - Căutare pacient după username-ul de autentificare: Ioan Popescu
2026-06-12 00:16:12 [http-nio-8080-exec-1] INFO  c.u.management.aspects.LoggingAspect - AOP-LOG [START]: Se execută metoda MedicalServiceService.getAllServices() cu argumentele: []
2026-06-12 00:16:12 [http-nio-8080-exec-1] DEBUG c.u.m.services.MedicalServiceService - Se preia lista completă a serviciilor medicale.
2026-06-12 00:16:12 [http-nio-8080-exec-1] INFO  c.u.management.aspects.LoggingAspect - AOP-LOG [SUCCESS]: Metoda MedicalServiceService.getAllServices() s-a finalizat cu succes. Rezultat returnat: [com.unibuc.management.entities.MedicalService@3273ee27, com.unibuc.management.entities.MedicalService@711ca3d3, com.unibuc.management.entities.MedicalService@7d09510b]
2026-06-12 00:16:12 [http-nio-8080-exec-2] INFO  c.u.management.aspects.LoggingAspect - AOP-LOG [SUCCESS]: Metoda PatientService.getPatientByUsername() s-a finalizat cu succes. Rezultat returnat: com.unibuc.management.entities.Patient@4f96d47c
2026-06-12 00:16:12 [http-nio-8080-exec-2] INFO  c.u.management.aspects.LoggingAspect - AOP-LOG [START]: Se execută metoda AppointmentService.getAppointmentsByPatientIdPaged() cu argumentele: [1, Page request [number: 0, size 10, sort: appointmentFrom: ASC]]
2026-06-12 00:16:12 [http-nio-8080-exec-2] DEBUG c.u.m.services.AppointmentService - Preluare paginată a programărilor pentru pacientul ID: 1
2026-06-12 00:16:12 [http-nio-8080-exec-2] INFO  c.u.management.aspects.LoggingAspect - AOP-LOG [SUCCESS]: Metoda AppointmentService.getAppointmentsByPatientIdPaged() s-a finalizat cu succes. Rezultat returnat: Page 1 of 1 containing com.unibuc.management.entities.Appointment instances
2026-06-12 00:16:26 [http-nio-8080-exec-6] DEBUG o.s.security.web.FilterChainProxy - Securing POST /auth/logout
2026-06-12 00:16:26 [http-nio-8080-exec-6] DEBUG o.s.s.w.c.HttpSessionSecurityContextRepository - Retrieved SecurityContextImpl [Authentication=UsernamePasswordAuthenticationToken [Principal=com.unibuc.management.security.CustomUserDetails [Username=Ioan Popescu, Password=[PROTECTED], Enabled=true, AccountNonExpired=true, CredentialsNonExpired=true, AccountNonLocked=true, Granted Authorities=[ROLE_PATIENT]], Credentials=[PROTECTED], Authenticated=true, Details=null, Granted Authorities=[ROLE_PATIENT]]]
2026-06-12 00:16:26 [http-nio-8080-exec-6] DEBUG o.s.s.w.a.logout.LogoutFilter - Logging out [UsernamePasswordAuthenticationToken [Principal=com.unibuc.management.security.CustomUserDetails [Username=Ioan Popescu, Password=[PROTECTED], Enabled=true, AccountNonExpired=true, CredentialsNonExpired=true, AccountNonLocked=true, Granted Authorities=[ROLE_PATIENT]], Credentials=[PROTECTED], Authenticated=true, Details=null, Granted Authorities=[ROLE_PATIENT]]]
2026-06-12 00:16:26 [http-nio-8080-exec-6] DEBUG o.s.s.w.a.r.TokenBasedRememberMeServices - Logout of user Ioan Popescu
2026-06-12 00:16:26 [http-nio-8080-exec-6] DEBUG o.s.s.w.a.r.TokenBasedRememberMeServices - Cancelling cookie
2026-06-12 00:16:26 [http-nio-8080-exec-6] DEBUG o.s.s.w.a.l.SecurityContextLogoutHandler - Invalidated session 37C05F3401F97DBD31DEBBDEC18E569E
2026-06-12 00:16:33 [http-nio-8080-exec-4] DEBUG o.s.security.web.FilterChainProxy - Securing POST /auth/login
2026-06-12 00:16:33 [http-nio-8080-exec-4] DEBUG o.s.s.w.a.AnonymousAuthenticationFilter - Set SecurityContextHolder to anonymous SecurityContext
2026-06-12 00:16:33 [http-nio-8080-exec-4] DEBUG o.s.security.web.FilterChainProxy - Secured POST /auth/login
2026-06-12 00:16:33 [http-nio-8080-exec-4] DEBUG o.s.s.a.d.DaoAuthenticationProvider - Authenticated user
2026-06-12 00:16:33 [http-nio-8080-exec-4] INFO  c.u.management.aspects.LoggingAspect - AOP-LOG [START]: Se execută metoda DoctorService.getDoctorByUsername() cu argumentele: [Ioana]
2026-06-12 00:16:33 [http-nio-8080-exec-4] DEBUG c.u.m.services.DoctorService - Căutare doctor după username-ul de autentificare: Ioana
2026-06-12 00:16:33 [http-nio-8080-exec-4] INFO  c.u.management.aspects.LoggingAspect - AOP-LOG [SUCCESS]: Metoda DoctorService.getDoctorByUsername() s-a finalizat cu succes. Rezultat returnat: com.unibuc.management.entities.Doctor@15b78131
2026-06-12 00:16:33 [http-nio-8080-exec-4] DEBUG o.s.s.w.c.HttpSessionSecurityContextRepository - Stored SecurityContextImpl [Authentication=UsernamePasswordAuthenticationToken [Principal=com.unibuc.management.security.CustomUserDetails [Username=Ioana, Password=[PROTECTED], Enabled=true, AccountNonExpired=true, CredentialsNonExpired=true, AccountNonLocked=true, Granted Authorities=[ROLE_DOCTOR]], Credentials=[PROTECTED], Authenticated=true, Details=null, Granted Authorities=[ROLE_DOCTOR]]] to HttpSession [org.apache.catalina.session.StandardSessionFacade@6245c157]
2026-06-12 00:16:37 [http-nio-8080-exec-3] DEBUG o.s.security.web.FilterChainProxy - Securing GET /api/medical-services
2026-06-12 00:16:37 [http-nio-8080-exec-5] DEBUG o.s.security.web.FilterChainProxy - Securing GET /api/appointments/doctor/1?page=0&size=5&sort=appointmentFrom,asc
2026-06-12 00:16:37 [http-nio-8080-exec-3] DEBUG o.s.s.w.c.HttpSessionSecurityContextRepository - Retrieved SecurityContextImpl [Authentication=UsernamePasswordAuthenticationToken [Principal=com.unibuc.management.security.CustomUserDetails [Username=Ioana, Password=[PROTECTED], Enabled=true, AccountNonExpired=true, CredentialsNonExpired=true, AccountNonLocked=true, Granted Authorities=[ROLE_DOCTOR]], Credentials=[PROTECTED], Authenticated=true, Details=null, Granted Authorities=[ROLE_DOCTOR]]]
2026-06-12 00:16:37 [http-nio-8080-exec-3] DEBUG o.s.s.w.a.r.RememberMeAuthenticationFilter - SecurityContextHolder not populated with remember-me token, as it already contained: 'UsernamePasswordAuthenticationToken [Principal=com.unibuc.management.security.CustomUserDetails [Username=Ioana, Password=[PROTECTED], Enabled=true, AccountNonExpired=true, CredentialsNonExpired=true, AccountNonLocked=true, Granted Authorities=[ROLE_DOCTOR]], Credentials=[PROTECTED], Authenticated=true, Details=null, Granted Authorities=[ROLE_DOCTOR]]'
2026-06-12 00:16:37 [http-nio-8080-exec-3] DEBUG o.s.security.web.FilterChainProxy - Secured GET /api/medical-services
2026-06-12 00:16:37 [http-nio-8080-exec-3] INFO  c.u.management.aspects.LoggingAspect - AOP-LOG [START]: Se execută metoda MedicalServiceService.getAllServices() cu argumentele: []
2026-06-12 00:16:37 [http-nio-8080-exec-3] DEBUG c.u.m.services.MedicalServiceService - Se preia lista completă a serviciilor medicale.
2026-06-12 00:16:37 [http-nio-8080-exec-5] DEBUG o.s.s.w.c.HttpSessionSecurityContextRepository - Retrieved SecurityContextImpl [Authentication=UsernamePasswordAuthenticationToken [Principal=com.unibuc.management.security.CustomUserDetails [Username=Ioana, Password=[PROTECTED], Enabled=true, AccountNonExpired=true, CredentialsNonExpired=true, AccountNonLocked=true, Granted Authorities=[ROLE_DOCTOR]], Credentials=[PROTECTED], Authenticated=true, Details=null, Granted Authorities=[ROLE_DOCTOR]]]
2026-06-12 00:16:37 [http-nio-8080-exec-5] DEBUG o.s.s.w.a.r.RememberMeAuthenticationFilter - SecurityContextHolder not populated with remember-me token, as it already contained: 'UsernamePasswordAuthenticationToken [Principal=com.unibuc.management.security.CustomUserDetails [Username=Ioana, Password=[PROTECTED], Enabled=true, AccountNonExpired=true, CredentialsNonExpired=true, AccountNonLocked=true, Granted Authorities=[ROLE_DOCTOR]], Credentials=[PROTECTED], Authenticated=true, Details=null, Granted Authorities=[ROLE_DOCTOR]]'
2026-06-12 00:16:37 [http-nio-8080-exec-5] DEBUG o.s.security.web.FilterChainProxy - Secured GET /api/appointments/doctor/1?page=0&size=5&sort=appointmentFrom,asc
2026-06-12 00:16:37 [http-nio-8080-exec-5] DEBUG o.s.s.a.m.AuthorizationManagerBeforeMethodInterceptor - Authorizing method invocation ReflectiveMethodInvocation: public org.springframework.http.ResponseEntity com.unibuc.management.controllers.AppointmentController.getAppointmentsByDoctorId(java.lang.Integer,int,int,java.lang.String[]); target is of class [com.unibuc.management.controllers.AppointmentController]
2026-06-12 00:16:37 [http-nio-8080-exec-5] DEBUG o.s.s.a.m.AuthorizationManagerBeforeMethodInterceptor - Authorized method invocation ReflectiveMethodInvocation: public org.springframework.http.ResponseEntity com.unibuc.management.controllers.AppointmentController.getAppointmentsByDoctorId(java.lang.Integer,int,int,java.lang.String[]); target is of class [com.unibuc.management.controllers.AppointmentController]
2026-06-12 00:16:37 [http-nio-8080-exec-5] INFO  c.u.management.aspects.LoggingAspect - AOP-LOG [START]: Se execută metoda DoctorService.getDoctorByUsername() cu argumentele: [Ioana]
2026-06-12 00:16:37 [http-nio-8080-exec-5] DEBUG c.u.m.services.DoctorService - Căutare doctor după username-ul de autentificare: Ioana
2026-06-12 00:16:37 [http-nio-8080-exec-3] INFO  c.u.management.aspects.LoggingAspect - AOP-LOG [SUCCESS]: Metoda MedicalServiceService.getAllServices() s-a finalizat cu succes. Rezultat returnat: [com.unibuc.management.entities.MedicalService@6292cb4, com.unibuc.management.entities.MedicalService@60970e32, com.unibuc.management.entities.MedicalService@61b65d2c]
2026-06-12 00:16:37 [http-nio-8080-exec-5] INFO  c.u.management.aspects.LoggingAspect - AOP-LOG [SUCCESS]: Metoda DoctorService.getDoctorByUsername() s-a finalizat cu succes. Rezultat returnat: com.unibuc.management.entities.Doctor@1f79fada
2026-06-12 00:16:37 [http-nio-8080-exec-5] INFO  c.u.management.aspects.LoggingAspect - AOP-LOG [START]: Se execută metoda AppointmentService.getAppointmentsByDoctorIdPaged() cu argumentele: [1, Page request [number: 0, size 5, sort: appointmentFrom: ASC]]
2026-06-12 00:16:37 [http-nio-8080-exec-5] DEBUG c.u.m.services.AppointmentService - Preluare paginată a programărilor pentru doctorul cu ID: 1
2026-06-12 00:16:37 [http-nio-8080-exec-10] DEBUG o.s.security.web.FilterChainProxy - Securing GET /api/medical-services
2026-06-12 00:16:37 [http-nio-8080-exec-10] DEBUG o.s.s.w.c.HttpSessionSecurityContextRepository - Retrieved SecurityContextImpl [Authentication=UsernamePasswordAuthenticationToken [Principal=com.unibuc.management.security.CustomUserDetails [Username=Ioana, Password=[PROTECTED], Enabled=true, AccountNonExpired=true, CredentialsNonExpired=true, AccountNonLocked=true, Granted Authorities=[ROLE_DOCTOR]], Credentials=[PROTECTED], Authenticated=true, Details=null, Granted Authorities=[ROLE_DOCTOR]]]
2026-06-12 00:16:37 [http-nio-8080-exec-10] DEBUG o.s.s.w.a.r.RememberMeAuthenticationFilter - SecurityContextHolder not populated with remember-me token, as it already contained: 'UsernamePasswordAuthenticationToken [Principal=com.unibuc.management.security.CustomUserDetails [Username=Ioana, Password=[PROTECTED], Enabled=true, AccountNonExpired=true, CredentialsNonExpired=true, AccountNonLocked=true, Granted Authorities=[ROLE_DOCTOR]], Credentials=[PROTECTED], Authenticated=true, Details=null, Granted Authorities=[ROLE_DOCTOR]]'
2026-06-12 00:16:37 [http-nio-8080-exec-10] DEBUG o.s.security.web.FilterChainProxy - Secured GET /api/medical-services
2026-06-12 00:16:37 [http-nio-8080-exec-10] INFO  c.u.management.aspects.LoggingAspect - AOP-LOG [START]: Se execută metoda MedicalServiceService.getAllServices() cu argumentele: []
2026-06-12 00:16:37 [http-nio-8080-exec-10] DEBUG c.u.m.services.MedicalServiceService - Se preia lista completă a serviciilor medicale.
2026-06-12 00:16:37 [http-nio-8080-exec-10] INFO  c.u.management.aspects.LoggingAspect - AOP-LOG [SUCCESS]: Metoda MedicalServiceService.getAllServices() s-a finalizat cu succes. Rezultat returnat: [com.unibuc.management.entities.MedicalService@79c404fa, com.unibuc.management.entities.MedicalService@4881871b, com.unibuc.management.entities.MedicalService@185229c5]
2026-06-12 00:16:37 [http-nio-8080-exec-5] INFO  c.u.management.aspects.LoggingAspect - AOP-LOG [SUCCESS]: Metoda AppointmentService.getAppointmentsByDoctorIdPaged() s-a finalizat cu succes. Rezultat returnat: Page 1 of 1 containing com.unibuc.management.entities.Appointment instances
2026-06-12 00:16:37 [http-nio-8080-exec-7] DEBUG o.s.security.web.FilterChainProxy - Securing GET /api/appointments/doctor/1?page=0&size=5&sort=appointmentFrom,asc
2026-06-12 00:16:37 [http-nio-8080-exec-7] DEBUG o.s.s.w.c.HttpSessionSecurityContextRepository - Retrieved SecurityContextImpl [Authentication=UsernamePasswordAuthenticationToken [Principal=com.unibuc.management.security.CustomUserDetails [Username=Ioana, Password=[PROTECTED], Enabled=true, AccountNonExpired=true, CredentialsNonExpired=true, AccountNonLocked=true, Granted Authorities=[ROLE_DOCTOR]], Credentials=[PROTECTED], Authenticated=true, Details=null, Granted Authorities=[ROLE_DOCTOR]]]
2026-06-12 00:16:37 [http-nio-8080-exec-7] DEBUG o.s.s.w.a.r.RememberMeAuthenticationFilter - SecurityContextHolder not populated with remember-me token, as it already contained: 'UsernamePasswordAuthenticationToken [Principal=com.unibuc.management.security.CustomUserDetails [Username=Ioana, Password=[PROTECTED], Enabled=true, AccountNonExpired=true, CredentialsNonExpired=true, AccountNonLocked=true, Granted Authorities=[ROLE_DOCTOR]], Credentials=[PROTECTED], Authenticated=true, Details=null, Granted Authorities=[ROLE_DOCTOR]]'
2026-06-12 00:16:37 [http-nio-8080-exec-7] DEBUG o.s.security.web.FilterChainProxy - Secured GET /api/appointments/doctor/1?page=0&size=5&sort=appointmentFrom,asc
2026-06-12 00:16:37 [http-nio-8080-exec-7] DEBUG o.s.s.a.m.AuthorizationManagerBeforeMethodInterceptor - Authorizing method invocation ReflectiveMethodInvocation: public org.springframework.http.ResponseEntity com.unibuc.management.controllers.AppointmentController.getAppointmentsByDoctorId(java.lang.Integer,int,int,java.lang.String[]); target is of class [com.unibuc.management.controllers.AppointmentController]
2026-06-12 00:16:37 [http-nio-8080-exec-7] DEBUG o.s.s.a.m.AuthorizationManagerBeforeMethodInterceptor - Authorized method invocation ReflectiveMethodInvocation: public org.springframework.http.ResponseEntity com.unibuc.management.controllers.AppointmentController.getAppointmentsByDoctorId(java.lang.Integer,int,int,java.lang.String[]); target is of class [com.unibuc.management.controllers.AppointmentController]
2026-06-12 00:16:37 [http-nio-8080-exec-7] INFO  c.u.management.aspects.LoggingAspect - AOP-LOG [START]: Se execută metoda DoctorService.getDoctorByUsername() cu argumentele: [Ioana]
2026-06-12 00:16:37 [http-nio-8080-exec-7] DEBUG c.u.m.services.DoctorService - Căutare doctor după username-ul de autentificare: Ioana
2026-06-12 00:16:37 [http-nio-8080-exec-7] INFO  c.u.management.aspects.LoggingAspect - AOP-LOG [SUCCESS]: Metoda DoctorService.getDoctorByUsername() s-a finalizat cu succes. Rezultat returnat: com.unibuc.management.entities.Doctor@322a220b
2026-06-12 00:16:37 [http-nio-8080-exec-7] INFO  c.u.management.aspects.LoggingAspect - AOP-LOG [START]: Se execută metoda AppointmentService.getAppointmentsByDoctorIdPaged() cu argumentele: [1, Page request [number: 0, size 5, sort: appointmentFrom: ASC]]
2026-06-12 00:16:37 [http-nio-8080-exec-7] DEBUG c.u.m.services.AppointmentService - Preluare paginată a programărilor pentru doctorul cu ID: 1
2026-06-12 00:16:37 [http-nio-8080-exec-7] INFO  c.u.management.aspects.LoggingAspect - AOP-LOG [SUCCESS]: Metoda AppointmentService.getAppointmentsByDoctorIdPaged() s-a finalizat cu succes. Rezultat returnat: Page 1 of 1 containing com.unibuc.management.entities.Appointment instances
2026-06-12 00:17:55 [http-nio-8080-exec-8] DEBUG o.s.security.web.FilterChainProxy - Securing GET /api/patients/1
2026-06-12 00:17:55 [http-nio-8080-exec-8] DEBUG o.s.s.w.c.HttpSessionSecurityContextRepository - Retrieved SecurityContextImpl [Authentication=UsernamePasswordAuthenticationToken [Principal=com.unibuc.management.security.CustomUserDetails [Username=Ioana, Password=[PROTECTED], Enabled=true, AccountNonExpired=true, CredentialsNonExpired=true, AccountNonLocked=true, Granted Authorities=[ROLE_DOCTOR]], Credentials=[PROTECTED], Authenticated=true, Details=null, Granted Authorities=[ROLE_DOCTOR]]]
2026-06-12 00:17:55 [http-nio-8080-exec-8] DEBUG o.s.s.w.a.r.RememberMeAuthenticationFilter - SecurityContextHolder not populated with remember-me token, as it already contained: 'UsernamePasswordAuthenticationToken [Principal=com.unibuc.management.security.CustomUserDetails [Username=Ioana, Password=[PROTECTED], Enabled=true, AccountNonExpired=true, CredentialsNonExpired=true, AccountNonLocked=true, Granted Authorities=[ROLE_DOCTOR]], Credentials=[PROTECTED], Authenticated=true, Details=null, Granted Authorities=[ROLE_DOCTOR]]'
2026-06-12 00:17:55 [http-nio-8080-exec-8] DEBUG o.s.security.web.FilterChainProxy - Secured GET /api/patients/1
2026-06-12 00:17:55 [http-nio-8080-exec-8] DEBUG o.s.s.a.m.AuthorizationManagerBeforeMethodInterceptor - Authorizing method invocation ReflectiveMethodInvocation: public org.springframework.http.ResponseEntity com.unibuc.management.controllers.PatientController.getPatientById(java.lang.Integer); target is of class [com.unibuc.management.controllers.PatientController]
2026-06-12 00:17:55 [http-nio-8080-exec-8] DEBUG o.s.s.a.m.AuthorizationManagerBeforeMethodInterceptor - Authorized method invocation ReflectiveMethodInvocation: public org.springframework.http.ResponseEntity com.unibuc.management.controllers.PatientController.getPatientById(java.lang.Integer); target is of class [com.unibuc.management.controllers.PatientController]
2026-06-12 00:17:55 [http-nio-8080-exec-8] INFO  c.u.management.aspects.LoggingAspect - AOP-LOG [START]: Se execută metoda PatientService.getPatientById() cu argumentele: [1]
2026-06-12 00:17:55 [http-nio-8080-exec-8] DEBUG c.u.m.services.PatientService - Căutare pacient după ID: 1
2026-06-12 00:17:55 [http-nio-8080-exec-8] INFO  c.u.management.aspects.LoggingAspect - AOP-LOG [SUCCESS]: Metoda PatientService.getPatientById() s-a finalizat cu succes. Rezultat returnat: com.unibuc.management.entities.Patient@26655370
2026-06-12 00:18:10 [http-nio-8080-exec-9] DEBUG o.s.security.web.FilterChainProxy - Securing POST /api/appointments
2026-06-12 00:18:10 [http-nio-8080-exec-9] DEBUG o.s.s.w.c.HttpSessionSecurityContextRepository - Retrieved SecurityContextImpl [Authentication=UsernamePasswordAuthenticationToken [Principal=com.unibuc.management.security.CustomUserDetails [Username=Ioana, Password=[PROTECTED], Enabled=true, AccountNonExpired=true, CredentialsNonExpired=true, AccountNonLocked=true, Granted Authorities=[ROLE_DOCTOR]], Credentials=[PROTECTED], Authenticated=true, Details=null, Granted Authorities=[ROLE_DOCTOR]]]
2026-06-12 00:18:10 [http-nio-8080-exec-9] DEBUG o.s.s.w.a.r.RememberMeAuthenticationFilter - SecurityContextHolder not populated with remember-me token, as it already contained: 'UsernamePasswordAuthenticationToken [Principal=com.unibuc.management.security.CustomUserDetails [Username=Ioana, Password=[PROTECTED], Enabled=true, AccountNonExpired=true, CredentialsNonExpired=true, AccountNonLocked=true, Granted Authorities=[ROLE_DOCTOR]], Credentials=[PROTECTED], Authenticated=true, Details=null, Granted Authorities=[ROLE_DOCTOR]]'
2026-06-12 00:18:10 [http-nio-8080-exec-9] DEBUG o.s.security.web.FilterChainProxy - Secured POST /api/appointments
2026-06-12 00:18:10 [http-nio-8080-exec-9] DEBUG o.s.s.a.m.AuthorizationManagerBeforeMethodInterceptor - Authorizing method invocation ReflectiveMethodInvocation: public org.springframework.http.ResponseEntity com.unibuc.management.controllers.AppointmentController.create(com.unibuc.management.dto.validation.AppointmentRequestDTO,org.springframework.security.core.Authentication); target is of class [com.unibuc.management.controllers.AppointmentController]
2026-06-12 00:18:10 [http-nio-8080-exec-9] DEBUG o.s.s.a.m.AuthorizationManagerBeforeMethodInterceptor - Authorized method invocation ReflectiveMethodInvocation: public org.springframework.http.ResponseEntity com.unibuc.management.controllers.AppointmentController.create(com.unibuc.management.dto.validation.AppointmentRequestDTO,org.springframework.security.core.Authentication); target is of class [com.unibuc.management.controllers.AppointmentController]
2026-06-12 00:18:10 [http-nio-8080-exec-9] INFO  c.u.management.aspects.LoggingAspect - AOP-LOG [START]: Se execută metoda AppointmentService.createAppointment() cu argumentele: [UsernamePasswordAuthenticationToken [Principal=com.unibuc.management.security.CustomUserDetails [Username=Ioana, Password=[PROTECTED], Enabled=true, AccountNonExpired=true, CredentialsNonExpired=true, AccountNonLocked=true, Granted Authorities=[ROLE_DOCTOR]], Credentials=[PROTECTED], Authenticated=true, Details=null, Granted Authorities=[ROLE_DOCTOR]], AppointmentRequestDTO(patientId=1, medicalServiceId=1, doctorId=1, appointmentFrom=2026-06-20T13:00Z, status=null)]
2026-06-12 00:18:10 [http-nio-8080-exec-9] DEBUG c.u.m.services.AppointmentService - Se inițiază crearea unei programări din DTO pentru pacientul ID: 1
2026-06-12 00:18:10 [http-nio-8080-exec-9] DEBUG c.u.m.services.AppointmentService - Calculare sloturi orare disponibile pentru serviciul ID: 1 în data de: 2026-06-20
2026-06-12 00:18:10 [http-nio-8080-exec-9] DEBUG c.u.m.services.AppointmentService - S-au găsit 0 perioade PTO active pentru doctorul ID: 1
2026-06-12 00:18:10 [http-nio-8080-exec-9] DEBUG c.u.m.services.AppointmentService - Total sloturi orare libere identificate: 16
2026-06-12 00:18:10 [http-nio-8080-exec-9] DEBUG c.u.m.services.AppointmentService - Generare plată pentru programarea curentă...
2026-06-12 00:18:10 [http-nio-8080-exec-9] INFO  c.u.management.aspects.LoggingAspect - AOP-LOG [START]: Se execută metoda PaymentService.createPaymentForPatient() cu argumentele: [com.unibuc.management.entities.Patient@50a5daa3, com.unibuc.management.entities.MedicalService@655c12d2, com.unibuc.management.entities.Appointment@349b9f98]
2026-06-12 00:18:10 [http-nio-8080-exec-9] DEBUG c.u.m.services.PaymentService - Inițiere calcul plată pentru pacientul ID: 1, serviciul medical ID: 1
2026-06-12 00:18:10 [http-nio-8080-exec-9] DEBUG c.u.m.services.PaymentService - Prețul de bază al serviciului 'Consult Cardiologie + EKG' este: 250.0 RON
2026-06-12 00:18:10 [http-nio-8080-exec-9] DEBUG c.u.m.services.PaymentService - Pacientul nu deține abonament sau asigurare. Se aplică prețul integral: 250.0 RON
2026-06-12 00:18:10 [http-nio-8080-exec-9] DEBUG c.u.m.services.PaymentService - Entitatea Payment a fost instanțiată temporar cu suma finală: 250.0 RON.
2026-06-12 00:18:10 [http-nio-8080-exec-9] INFO  c.u.management.aspects.LoggingAspect - AOP-LOG [SUCCESS]: Metoda PaymentService.createPaymentForPatient() s-a finalizat cu succes. Rezultat returnat: com.unibuc.management.entities.Payment@65b46720
2026-06-12 00:18:10 [http-nio-8080-exec-9] INFO  c.u.m.services.AppointmentService - Programarea cu ID-ul 8 a fost salvată cu succes în sistem.
2026-06-12 00:18:10 [http-nio-8080-exec-9] INFO  c.u.management.aspects.LoggingAspect - AOP-LOG [SUCCESS]: Metoda AppointmentService.createAppointment() s-a finalizat cu succes. Rezultat returnat: com.unibuc.management.entities.Appointment@349b9f98
2026-06-12 00:18:10 [http-nio-8080-exec-1] DEBUG o.s.security.web.FilterChainProxy - Securing GET /api/appointments/doctor/1?page=0&size=5&sort=appointmentFrom,asc
2026-06-12 00:18:10 [http-nio-8080-exec-1] DEBUG o.s.s.w.c.HttpSessionSecurityContextRepository - Retrieved SecurityContextImpl [Authentication=UsernamePasswordAuthenticationToken [Principal=com.unibuc.management.security.CustomUserDetails [Username=Ioana, Password=[PROTECTED], Enabled=true, AccountNonExpired=true, CredentialsNonExpired=true, AccountNonLocked=true, Granted Authorities=[ROLE_DOCTOR]], Credentials=[PROTECTED], Authenticated=true, Details=null, Granted Authorities=[ROLE_DOCTOR]]]
2026-06-12 00:18:10 [http-nio-8080-exec-1] DEBUG o.s.s.w.a.r.RememberMeAuthenticationFilter - SecurityContextHolder not populated with remember-me token, as it already contained: 'UsernamePasswordAuthenticationToken [Principal=com.unibuc.management.security.CustomUserDetails [Username=Ioana, Password=[PROTECTED], Enabled=true, AccountNonExpired=true, CredentialsNonExpired=true, AccountNonLocked=true, Granted Authorities=[ROLE_DOCTOR]], Credentials=[PROTECTED], Authenticated=true, Details=null, Granted Authorities=[ROLE_DOCTOR]]'
2026-06-12 00:18:10 [http-nio-8080-exec-1] DEBUG o.s.security.web.FilterChainProxy - Secured GET /api/appointments/doctor/1?page=0&size=5&sort=appointmentFrom,asc
2026-06-12 00:18:10 [http-nio-8080-exec-1] DEBUG o.s.s.a.m.AuthorizationManagerBeforeMethodInterceptor - Authorizing method invocation ReflectiveMethodInvocation: public org.springframework.http.ResponseEntity com.unibuc.management.controllers.AppointmentController.getAppointmentsByDoctorId(java.lang.Integer,int,int,java.lang.String[]); target is of class [com.unibuc.management.controllers.AppointmentController]
2026-06-12 00:18:10 [http-nio-8080-exec-1] DEBUG o.s.s.a.m.AuthorizationManagerBeforeMethodInterceptor - Authorized method invocation ReflectiveMethodInvocation: public org.springframework.http.ResponseEntity com.unibuc.management.controllers.AppointmentController.getAppointmentsByDoctorId(java.lang.Integer,int,int,java.lang.String[]); target is of class [com.unibuc.management.controllers.AppointmentController]
2026-06-12 00:18:10 [http-nio-8080-exec-1] INFO  c.u.management.aspects.LoggingAspect - AOP-LOG [START]: Se execută metoda DoctorService.getDoctorByUsername() cu argumentele: [Ioana]
2026-06-12 00:18:10 [http-nio-8080-exec-1] DEBUG c.u.m.services.DoctorService - Căutare doctor după username-ul de autentificare: Ioana
2026-06-12 00:18:10 [http-nio-8080-exec-1] INFO  c.u.management.aspects.LoggingAspect - AOP-LOG [SUCCESS]: Metoda DoctorService.getDoctorByUsername() s-a finalizat cu succes. Rezultat returnat: com.unibuc.management.entities.Doctor@5e7a661a
2026-06-12 00:18:10 [http-nio-8080-exec-1] INFO  c.u.management.aspects.LoggingAspect - AOP-LOG [START]: Se execută metoda AppointmentService.getAppointmentsByDoctorIdPaged() cu argumentele: [1, Page request [number: 0, size 5, sort: appointmentFrom: ASC]]
2026-06-12 00:18:10 [http-nio-8080-exec-1] DEBUG c.u.m.services.AppointmentService - Preluare paginată a programărilor pentru doctorul cu ID: 1
2026-06-12 00:18:11 [http-nio-8080-exec-1] INFO  c.u.management.aspects.LoggingAspect - AOP-LOG [SUCCESS]: Metoda AppointmentService.getAppointmentsByDoctorIdPaged() s-a finalizat cu succes. Rezultat returnat: Page 1 of 1 containing com.unibuc.management.entities.Appointment instances
2026-06-12 03:19:31 [HikariPool-1 housekeeper] WARN  com.zaxxer.hikari.pool.HikariPool - HikariPool-1 - Thread starvation or clock leap detected (housekeeper delta=3h24s59ms571µs300ns).
2026-06-12 20:00:32 [http-nio-8080-exec-2] DEBUG o.s.security.web.FilterChainProxy - Securing GET /api/medical-services
2026-06-12 20:00:32 [http-nio-8080-exec-2] DEBUG o.s.s.w.a.AnonymousAuthenticationFilter - Set SecurityContextHolder to anonymous SecurityContext
2026-06-12 20:00:32 [http-nio-8080-exec-2] DEBUG o.s.s.w.s.SessionManagementFilter - Request requested invalid session id 053554F6A3C424F00DE0B84F91DEE813
2026-06-12 20:00:32 [http-nio-8080-exec-2] DEBUG o.s.security.web.FilterChainProxy - Secured GET /api/medical-services
2026-06-12 20:00:32 [http-nio-8080-exec-6] DEBUG o.s.security.web.FilterChainProxy - Securing GET /api/appointments/doctor/1?page=0&size=5&sort=appointmentFrom,asc
2026-06-12 20:00:32 [http-nio-8080-exec-6] DEBUG o.s.s.w.a.AnonymousAuthenticationFilter - Set SecurityContextHolder to anonymous SecurityContext
2026-06-12 20:00:32 [http-nio-8080-exec-6] DEBUG o.s.s.w.s.SessionManagementFilter - Request requested invalid session id 053554F6A3C424F00DE0B84F91DEE813
2026-06-12 20:00:32 [http-nio-8080-exec-2] INFO  c.u.management.aspects.LoggingAspect - AOP-LOG [START]: Se execută metoda MedicalServiceService.getAllServices() cu argumentele: []
2026-06-12 20:00:32 [http-nio-8080-exec-2] DEBUG c.u.m.services.MedicalServiceService - Se preia lista completă a serviciilor medicale.
2026-06-12 20:00:32 [http-nio-8080-exec-4] DEBUG o.s.security.web.FilterChainProxy - Securing GET /api/appointments/doctor/1?page=0&size=5&sort=appointmentFrom,asc
2026-06-12 20:00:32 [http-nio-8080-exec-4] DEBUG o.s.s.w.a.AnonymousAuthenticationFilter - Set SecurityContextHolder to anonymous SecurityContext
2026-06-12 20:00:32 [http-nio-8080-exec-4] DEBUG o.s.s.w.s.SessionManagementFilter - Request requested invalid session id 053554F6A3C424F00DE0B84F91DEE813
2026-06-12 20:00:32 [HikariPool-1 housekeeper] WARN  com.zaxxer.hikari.pool.HikariPool - HikariPool-1 - Thread starvation or clock leap detected (housekeeper delta=16h41m15s122ms908µs700ns).
2026-06-12 20:00:33 [http-nio-8080-exec-2] INFO  c.u.management.aspects.LoggingAspect - AOP-LOG [SUCCESS]: Metoda MedicalServiceService.getAllServices() s-a finalizat cu succes. Rezultat returnat: [com.unibuc.management.entities.MedicalService@5102bb47, com.unibuc.management.entities.MedicalService@19024b8d, com.unibuc.management.entities.MedicalService@228617ad]
2026-06-12 20:00:35 [http-nio-8080-exec-3] DEBUG o.s.security.web.FilterChainProxy - Securing GET /api/medical-services
2026-06-12 20:00:35 [http-nio-8080-exec-3] DEBUG o.s.s.w.a.AnonymousAuthenticationFilter - Set SecurityContextHolder to anonymous SecurityContext
2026-06-12 20:00:35 [http-nio-8080-exec-3] DEBUG o.s.s.w.s.SessionManagementFilter - Request requested invalid session id 053554F6A3C424F00DE0B84F91DEE813
2026-06-12 20:00:35 [http-nio-8080-exec-3] DEBUG o.s.security.web.FilterChainProxy - Secured GET /api/medical-services
2026-06-12 20:00:35 [http-nio-8080-exec-3] INFO  c.u.management.aspects.LoggingAspect - AOP-LOG [START]: Se execută metoda MedicalServiceService.getAllServices() cu argumentele: []
2026-06-12 20:00:35 [http-nio-8080-exec-3] DEBUG c.u.m.services.MedicalServiceService - Se preia lista completă a serviciilor medicale.
2026-06-12 20:00:35 [http-nio-8080-exec-3] INFO  c.u.management.aspects.LoggingAspect - AOP-LOG [SUCCESS]: Metoda MedicalServiceService.getAllServices() s-a finalizat cu succes. Rezultat returnat: [com.unibuc.management.entities.MedicalService@6ab4dd5e, com.unibuc.management.entities.MedicalService@519ec6b1, com.unibuc.management.entities.MedicalService@534151ea]
2026-06-12 20:01:40 [http-nio-8080-exec-5] DEBUG o.s.security.web.FilterChainProxy - Securing GET /
2026-06-12 20:01:40 [http-nio-8080-exec-5] DEBUG o.s.s.w.a.AnonymousAuthenticationFilter - Set SecurityContextHolder to anonymous SecurityContext
2026-06-12 20:01:40 [http-nio-8080-exec-5] DEBUG o.s.s.w.s.HttpSessionRequestCache - Saved request http://192.168.0.133:8080/?continue to session
2026-06-12 20:01:44 [http-nio-8080-exec-7] DEBUG o.s.security.web.FilterChainProxy - Securing GET /HNAP1/
2026-06-12 20:01:44 [http-nio-8080-exec-7] DEBUG o.s.s.w.a.AnonymousAuthenticationFilter - Set SecurityContextHolder to anonymous SecurityContext
2026-06-12 20:01:44 [http-nio-8080-exec-7] DEBUG o.s.s.w.s.HttpSessionRequestCache - Saved request http://192.168.0.133/HNAP1/?continue to session
2026-06-12 20:01:44 [http-nio-8080-exec-8] DEBUG o.s.security.web.FilterChainProxy - Securing GET /loginMsg.js
2026-06-12 20:01:44 [http-nio-8080-exec-8] DEBUG o.s.s.w.a.AnonymousAuthenticationFilter - Set SecurityContextHolder to anonymous SecurityContext
2026-06-12 20:01:44 [http-nio-8080-exec-8] DEBUG o.s.s.w.s.HttpSessionRequestCache - Saved request http://192.168.0.133/loginMsg.js?continue to session
2026-06-12 20:01:44 [http-nio-8080-exec-1] DEBUG o.s.security.web.FilterChainProxy - Securing GET /cgi/get.cgi?cmd=home_login
2026-06-12 20:01:44 [http-nio-8080-exec-1] DEBUG o.s.s.w.a.AnonymousAuthenticationFilter - Set SecurityContextHolder to anonymous SecurityContext
2026-06-12 20:01:44 [http-nio-8080-exec-1] DEBUG o.s.s.w.s.HttpSessionRequestCache - Saved request http://192.168.0.133/cgi/get.cgi?cmd=home_login&continue to session
